9w5sry	Polish club match turns into the battle of Hogwarts	sports
9w5ee4	NYIT researchers find 'subtle' cognitive declines in lacrosse players	sports
9w528u	101ESPN: Frank Caliendo Impersonates John Madden, Jeff Fisher, and Terry Bradshaw	sports
9w436q	When this post is one hour old, the third and final England vs New Zealand test match kicks off. Come join us at /r/SuperLeague for the game!	sports
9w2kxr	Texas vs Texas Tech 10 Years later: Same end zone, same Hash Mark, winning catch. (Top: Michael Crabtree 2008, Li'l Jordan Humphrey 2018)	sports
9w1pp3	Chan Sung Jung (Korean Zombie) gets finished by Yair Rodriguez right at the buzzer [Unreal finish]	sports
9w1plb	Yair Rodriguez with a crazy back elbow knockout in the very last second of the fight	sports
9w1niv	LeBron gives his game sleeve to a young fan	sports
9w15of	France vs South Africa	sports
9w0i5j	Arkansas football players collide while attempting a trick play.	sports
9vzop7	Aleksandr Usyk brutally KO Tony Bellew in Manchester	sports
9vze7l	Blake Wheeler's incredible pass to Laine.	sports
9vzd0a	Oklahoma's Sooner Schooner rider falls but keeps holding the flag	sports
9vz235	Tony Bellew defiant as he prepares for final bow against Oleksandr Usyk	sports
9vz0bw	Iowa State & Baylor found time to fit a Boxing Match into their football game	sports
9vxj0d	Michigan State's INTENTIONAL SAFETY vs. Ohio State	sports
9vwhv1	Nebraska football celebrating the first snow of the year by making snow angels	sports
9vw988	Novak Djokovic says Saudi Arabia exhibition match against Rafael Nadal is cancelled	sports
9vw70g	Toronto's Morgan Rielly apologizes to Devils' goalie Keith Kinkaid after scoring on a floater from the blue line	sports
9vw6pl	Caris LeVert hits the game-winning floater	sports
9vve2k	Amnesty International turns the heat up on ‘sportswashing’ Manchester City owners	sports
9vsqx5	How Drew Brees practices	sports
9vqqj4	“See ya later, Joe” - thanks for 15 years	sports
9vqce0	Carlos Santana Annihilates This Baseball in the MLB Japan All-Star Series	sports
9vq5fz	Atlanta Hawks rookie Trae Young got his car popcorned	sports
9vpzgp	For my Birthday, I was surprised with a Blackburn Rovers (soccer) cake. Unfortunately, it turned out the baker was a Burnley fan (our biggest rivals) and baked the inside claret and blue. I went on to marry his daughter so I think I won?	sports
9vp1mo	Norfolk State falls asleep during a 1-and-1	sports
9vocta	Dez Bryant May have torn Achilles in practice today	sports
9vo2fc	Moto3 rider Jakub Kornfeil jumps over crashed motorcycle	sports
9vnsfm	Riding the waves with Garrett McNamara in Nazaré, Portugal, an ancient town with giant waves - 60 Minutes	sports
9vn5cf	Oliver Giroud scores an outrageous scorpion kick goal against Crystal Palace.	sports
9vmun9	Gritty receives 14 write-in votes in midterm elections	sports
9vmtac	Bowling pin defies gravity	sports
9vkzq2	[Cricket] Aiden Markram's brilliant shot, followed by a good catch in the crowd (Australia vs South Africa, 9th Nov 2018).	sports
9vk1d6	Evander Kane whiffs but still scores	sports
9vk11p	Joe Pavelski with the redirect goal from the ground	sports
9vhaxf	Louisville City FC is the first team in the USL to win back to back championships	sports
9vh5mj	Globetrotter hits backflip shot and a new world record	sports
9vgszr	Football coaches agreed to slide in the mud if the team had a good practice	sports
9vfy9q	Steelers Antonio Brown Cited For Driving Over 100 mph Near Bank Robbery	sports
9vfjhf	Giant Wave Followed by Wipeout and Rescue . Russell Bierke . Raw Footage @ Nazaré, Portugal - 2018.11.07	sports
9vf6y7	South Dakota state title game for High School and Canistota/Freeman pull off an impressive 2pt conversion	sports
9vf485	Exclusive: Tiger Woods turns down largest ever overseas pay cheque to play in Saudi Arabia	sports
9vdxf5	Former Nittany Lion standout, first African-American NFL player Wally Triplett passes	sports
9vdqqh	Under 8's football game in Wales.	sports
9vde5m	Inching closer to program records, it’s clear Zack Moss has made all the right moves since coming to Utah	sports
9vca6y	USA Ultimate Nationals | Sockeye vs PoNY	sports
9vbpql	Dallas Cowboys: 7-year-old fan writes brutal letter to Jerry Jones: 'We Suck'	sports
9vbkgf	Sugar Ray Leonard Breaks Down His Most Iconic Fights	sports
9vawz7	Aaron Gordon styling in mid-oop!	sports
9v874n	Juventus news: Wojciech Szczesny's slammed by ex-Man Utd midfielders Paul Scholes and Owen Hargreaves	sports
9v3lcx	Ronaldo goal against Man U	sports
9v3ae8	Little kid outplays Rodger Federer with a perfect lob shot	sports
9v2j16	Mayweather fight cancelled	sports
9v2ih5	Mzwandile Hlongwa knocked out Torbjørn Madsen	sports
9v1wvx	Curb cam of Formula 1 race at Spa-Francorchamps this year	sports
9v1373	Dez Bryant to the Saints	sports
9v12t9	Moeen Ali throws a ball from the deep & turns it into a helmet by the time it gets to the stumps!! (x-post r/cricket)	sports
9uwkdo	CJ McCollum breaks DiVincenzo's ankles with the double crossover, and then tosses in the floater!	sports
9uwaay	The former chief executive of the Fiji Rugby Union (FRU) says he “finds it troubling” that the body’s president is also the prime minister of the country, and hopes next week’s national elections can help to bring about change in the way sport is governed in the country.	sports
9uv6yg	Woman caught dunking chicken nugget into soda at Bulls-Knicks game	sports
9ut6bp	LaMelo Ball to enroll at Spire Institute, again play high school basketball	sports
9urf80	(Soccer) Egyptian player Mahmoud Trezeguet's insane free kick in the Turkish League	sports
9uq7al	Shaq could literally dunk on the whole team at once	sports
9uoofi	After starting the season 6-6-3, NHL's Chicago Blackhawks have fired longtime coach Joel Quenneville	sports
9umh99	Amidst enormous turmoil, a talent exodus and unpaid players, Zimbabwe's cricket team have won their first away test match in 17 years, beating Bangladesh by 151 runs in Sylhet	sports
9ulubo	Cliffs of Mohor breaking his shoulder during the Melbourne Cup, before being euthanized.	sports
9ulki6	Marcus Mariota delays the handoff until the very last moment before flipping the ball forward for the touchdown	sports
9ul5kc	Cross Counter wins Melbourne Cup	sports
9uk2rk	Ottawa Senators players caught knocking coaches, laughing about team on video	sports
9ujvst	USOC seeks to revoke USA Gymnastics' status	sports
9uidgs	USOC to revoke USA Gymnastics’ status as national governing body of the sport	sports
9uh9q6	Discrimination of Irish Catholics in British Sports.	sports
9ugr19	Highschool football team dyes hair pink to commemorate teammate with cancer. (Mississauga, Canada)	sports
9ugotf	St. George's College High School Soccer team in Kingston Jamaica with the tiki taka before a neat finish. Great goal.	sports
9ug4cp	Raiders Would Give QB JaMarcus Russell Blank Tape To Study To See If He Watched Film	sports
9ufuie	What minor league baseball team is this?	sports
9ufb1w	Miralem Pjanic amazing pass vs Cesena	sports
9ua9v4	Floyd Mayweather to face kickboxing sensation Tenshin Nasukawa at RIZIN 14	sports
9u8twy	New Orleans Saints WR Thomas Pulls Off a Throwback to Joe Horn's Phone Celebration	sports
9u8lpm	Giannis Antetokounmpo Monster Slam	sports
9u8d93	UFC 230: Daniel Cormier Octagon Interview	sports
9u83ue	Sports Droughts By City	sports
9u6z83	How top soccer clubs clashed with rules on financial fair play	sports
9u6oi2	TIL that in early 1900s Wyoming State Penn had baseball team made of Death Row inmates who avoided execution for good playing in games. The Death Row All-Stars were huge hit with gamblers which is what let it continue	sports
9u62sp	Panthers score on a double reverse	sports
9u5vsm	Mzwandile “Shakebone” Hlongwa KOs Torbjorn Madsen with a spinning elbow	sports
9u5tzy	Lakers' Josh Hart with an incredible move to save the ball from out of bounds	sports
9u571m	I mutilated, nearly beheaded soccer star for ‘raping’ my wife	sports
9u53jb	Miami and Duke played a football game on Slip 'N Slide field conditions	sports
9u51ko	Man arrested for drunkenly riding horse at Breeders' Cup	sports
9u4arp	ESPN apologizes for James Carville's comments suggesting a pro-Alabama SEC conspiracy	sports
9u49ye	Serena Williams: Roger Federer says American 'went too far' in US Open final	sports
9u43ei	Toronto’s Mitch Marner got puck stuck to his skate last night against Penguins	sports
9u3tm3	Ross Edgley became the first person to swim entirely around Britain's coast today. 157 days & 1,780 miles without stepping foot on land.	sports
9u3a88	Amanda Lightfoot only started skiing at 19, but she’s already been to 2 Winter Olympics and she’s hoping to go to a 3rd!	sports
9u0f2b	Minnesota High School Football team comes back from 28-0, with 6 minutes left in the 4th to win 29-28. 4TD, 3 Successful Onside Kicks, & 2pt Conversion to go to State Tournament.	sports
9u0bz4	UMass Minuteman Marching Band - Thriller	sports
9u0b5j	This time last season in the Premier League...	sports
9u051x	Troy's Knudsen, in 1 day, goes from first start to scholarship	sports
9tymhj	UT placeholder gives his opinion on West Virginia	sports
9twi5b	2018 Worlds Strongest Man "The Mountain" vs Arm-wrestling Champion Devon Larratt	sports
9tw6s1	Nebraska Cornhuskers hilariously botches onside kick attempt	sports
9tvv3w	Iowa State's Hakeem Butler doing his best Randy Moss impersonation	sports
9ttjmh	UMBC Basketball raising two banners, including one marking their historic first-round upset of #1 Virginia	sports
9trja0	Ottawa REDBACKS Offensive Lineman Jon Gott celebrates a touchdown by chugging a beer	sports
9tra19	The Warriors security guard has got plenty of Championship rings	sports
9tqtf3	Mitchell Robinson of NY Knicks Reverse Alley-Oop Dunk vs Mavs	sports
9tpoqd	Marc Marquez defying the laws of physics.	sports
9tpjxc	Amazing overtime goal from Blake High School against Bemidji to win the state soccer title. Minnesota State Soccer Tournament.	sports
9tow9e	Blue Jays Chris Coghlan jumps over catcher Yadier Molina and scores!	sports
9tom9z	Midfield kick off goal in OT to win high school state championships	sports
9tohh5	Supermoto racer Arttu Stenberg showing off his skills	sports
9toci8	Dwight Grant finishes Tyler Hill in devastating fashion on DWTNCS	sports
9tmjhc	Toronto Arrows join Rugby United New York as new teams for the Major League Rugby 2019 season	sports
9tlrx7	NBA G League teams hold open tryouts every year. Here's a look inside the process (season starts tonight)	sports
9tlnke	49ers cheerleader takes a knee before Raiders game	sports
9tlfvt	Daniel Cormier open to fighting Brock Lesnar at UFC 233	sports
9tkqnd	Report: Cavs' Smith hoping for a trade | NBA.com	sports
9tjuh1	Habs score fastest two goals in NHL last night. They only needed 2 seconds.	sports
9thv8t	If such a summit occurred in today’s sports world for the purposes of social change, which athletes would be in the room?	sports
9thh8l	Utah Football: "Fun" Utes Rolling and in Control of Pac-12 Destiny	sports
9tgzb5	Karate-kick goal from Damir Kreilach in the MLS Playoffs [Los Angeles FC vs. Real Salt Lake]	sports
9tgfqt	Title rival Sebastian Vettel congratulating Lewis Hamilton after Hamilton won his fifth world championship at the Mexico Grand Prix on Sunday	sports
9tgc6n	San Francisco 49ers running back Raheem Mostert broke his arm on Thursday Night Football	sports
9tg160	Legendary football writer and analyst Dr. Z has passed away at 86	sports
9tex9q	Roger Goodell on NFL in London: 'There's no question a team could be successful here'	sports
9telx5	HOF Giant Legend Willie McCovey Dies at Age 80	sports
9tdt7x	JuJu Smith-Schuster Went Trick Or Treating in His Full Steelers Uniform	sports
9tdldh	Snooker is a game of incredible skill....most of the time	sports
9tdaab	All Best Goal of October |Full HD All league 2018	sports
9tcupy	Shoelaces get tangled up during a women's soccer match	sports
9tcapo	Billie Jean King’s Lesson for Novak Djokovic and Rafael Nadal: Take a Stand	sports
9tca5z	We Will Curse You: A history of sports fans resorting to performance-enhancing curses, from the Nika riots to the Red Sox.	sports
9tca28	musburger (current raiders PxP): “black skinned stormtroopers”	sports
9tc3a5	Carlos Beltran and his family dressed as different versions of Carlos Beltran on all the different teams he's played for	sports
9tbf5h	Simone Biles makes history, proving American dominance by winning Worlds with two falls.	sports
9tauy7	Serena Williams is fined $17,000 for violations during her US Open loss	sports
9taifh	Derrick Rose reduced to tears after getting the game saving block and a 50 point game.	sports
9t9u5v	JuJu Dresses Up As Steeler, Goes Trick-Or-Treating With Neighborhood Kids	sports
9t9j8u	Indian Sports Minister Rajyavardhan Singh Rathore in a friendly boxing bout with boxing champion Mary Kom at Indira Gandhi Stadium in Delhi.	sports
9t8vn9	Giants Hall of Famer Willie McCovey has died at age 80	sports
9t700c	Teenage Prithvi Shaw batting & dominating bowlers in IPL	sports
9t68eu	Derrick Rose's Emotional Postgame Interview after dropping 50 points on the Utah Jazz	sports
9t5xjh	Derrick Rose caps off a 50 point game with the game winning block and is moved to tears as his teammates commend him for his performance.	sports
9t5qo3	Derrick Rose records a career high 50 points 7 years after his MVP season	sports
9t5443	Klay Thompson arrives for the game dressed as Jackie Moon!	sports
9t4wk3	Willie McCovey dies at age of 80	sports
9t3vno	[MLS Instagram] MLS costume party	sports
9t3rt8	Maryland fires DJ Durkin after SGA rally!	sports
9t3otm	Can of beer were thrown at world series trophy accidentally.	sports
9t3gax	Taipei mayor tosses up ceremonial jump ball between 7-3 Peter John Ramos and 7-5 Sim Bhullar.	sports
9t2c83	CR Beer League - GAME 7 of Season 3 - GAME 2 WITH THE PIERRES - Good Hockey in Iowa.	sports
9t1qin	Champion figure skater turns performance into strip tease.	sports
9t17hw	Happy Halloween from the RCR Pit Crew Department!	sports
9t12ac	College football coach calls timeout, retires and walks to his car after 45 seasons	sports
9sw4vz	Multi-spin hockey shot	sports
9svqxs	Timelapse of the LA Coliseum going from USC to Rams as the fog rolls in.	sports
9sv2ts	Japanese runner in long distance relay trips and breaks her leg (shin), but crawls over 500 ft to continue the competition for her team (video from 0:30)	sports
9suo2b	Boston finishes October 28-10 in the 4 major North American sports	sports
9sth6n	Boban Marjanovic of the LA Clippers came to wish actress and singer Kristin Chenoweth good luck with the national anthem before tonight's game	sports
9sqsle	DJ Durkin and Damon Evans will retain jobs at Maryland, source says	sports
9sqqoi	Isle of Man TT Lap Onboard Footage With Peter Hickman	sports
9sqb1s	Detroit Lions WR Golden Tate traded to Philadelphia Eagles in exchange for third-round pick, per ESPN's Adam Schefter	sports
9spzoq	Formula Drift + Drone	sports
9spbfl	Meet Zack Moss, the engine that powers the Utah offense	sports
9sp8pt	Big 12 Board of Directors Conclude Baylor Verification Process	sports
9soglp	Shaun White apologizes to Special Olympians for ‘Simple Jack’ Halloween costume	sports
9soenr	NFL will host four games in London next season. Two at Wembley, two at Tottenham.	sports
9snxiq	Craig Goodwins cracker from a different angle	sports
9smey9	Back to back splits... on TV	sports
9slqvq	Elias Pettersson(19) scores his 7th goal in 7 games	sports
9sky76	Each of Klay Thompson’s 14 three-pointers against the Bulls, he breaks Steph Curry’s old record of 13 in a game. Except Klay only needed 3 quarters!	sports
9sk1r1	Bills Fan with a message for Tom Brady and company	sports
9sjm8k	Klay Thompson breaks Curry's three-point record with 14 and scores 52 points in 3 quarters!	sports
9sjb60	The Golden State Warriors have scored 92 points in the first half against the Chicago Bulls, the second highest total in NBA history	sports
9shh2a	Herky the Hawk gets drilled by an incomplete pass	sports
9sh4w4	[Cricket] Virat Kohli runs out Kieran Powell with a brilliant throw while diving, India vs West Indies match 4	sports
9sgn3q	Comunicado Oficial | Real Madrid CF - Julen Lopetegui has been fired from Real Madrid CF	sports
9sgdbv	Los Angeles hosted a home game in five major sports Sunday. Two fans attended them all	sports
9sfu4q	List of NCAA D-I Teams With The Most National Championships In A Single Sport has some interesting but not unexpected results, like skiing teams from Colorado and West Virginia's dominance in a unique sport.	sports
9sees4	Hue Jackson just became the SIXTH Browns head coach in a row fired after the second Pittsburgh game of that season.	sports
9sebwj	Hue Jackson Out	sports
9se7y0	NHL announces multi-year partnership with MGM Resorts, becoming first league to officially partner with sports book.	sports
9sdamf	TIL Taysom Hill sufferer a season ending injury in his 2012, 2014, and 2015 seasons at BYU. After being granted one final year of eligibility in 2016, a day before BYU’s spring game Hill’s brother overdosed at 31. In 2016, wearing his brothers number, Hill sufferer a fourth season ending injury	sports
9scy6u	LAST LAP of Australian Moto 3 race. 15 riders separated by just 0.3s, charging down the straight like a cavalry.	sports
9scy0o	Russell Westbrook offers to trade a young fan his shoe for a slice of pizza	sports
9sckcc	Before the FIFA World Cup 2014 Semi Final Match in which they lost 7-1 from Germany, Brazil hadn't lost a single match at a home stadium in competitive matches since 1975.	sports
9sawdj	Back page of the New York Post after the rival Red Sox win the World Series	sports
9s9orr	Steve Pearce Named 2018 World Series MVP	sports
9s9lyi	Why these Red Sox are the greatest of their four recent champions	sports
9s9kra	World Series: Red Sox Beat Dodgers to Win 9th Championship	sports
9s9kjs	Sale Strikes Out Machado, Seals the Deal! The Red Sox are Your World Champions!	sports
9s9f1n	Adam Vinatieri becomes the NFL's all-time leading scorer	sports
9s92pn	Pittsburgh Penguins tribute to shooting victims	sports
9s90ib	LA girl cheering after Boston homerun.	sports
9s8vej	Matt Damon and Jimmy Kimmel at the Boston Red Sox vs LA Dogders World Series game	sports
9s7opl	Adrian Peterson passes Tony Dorsett as NFL's No. 9 all-time rusher	sports
9s7js7	New York Red Bulls win MLS Supporters' Shield and set new points record (71)	sports
9s7bnm	Vichai Srivaddhanaprabha, the owner of Leicester City FC which overcame 5000-1 odds to win the English Premier League in 2016 has tragically passed away after his helicopter crashed shortly after takeoff outside the club's home stadium... RIP	sports
9s6rtd	Lewis Hamilton wins his 5th World Drivers Championship, becoming the third person to achieve this after Juan Manuel Fangio and Michael Schumacher	sports
9s6ebt	ASU Sun Devil’s N’Keal Harry with an acrobatic one handed catch	sports
9s5szn	Kareem Hunt breaks tackles and hurdles a defender to score a touchdown	sports
9s5q6i	Seahawks celebrate touchdown by charging the mound	sports
9s5nmf	Florida State fan would rather just read a book	sports
9s4izw	The "sports equinox" is about to hit LA.	sports
9s4i2l	Iona assistant coach hospitalized, Gaels player dismissed after reported physical altercation	sports
9s41rd	Cleveland Cavaliers fire head coach Tyronn Lue	sports
9s3omv	Raised fist: Tommie Smith and his "moment of truth" at the 1968 Mexico City Olympics	sports
9s3bgg	Rocket City Trash Pandas unveil logos	sports
9s377y	Pittsburgh Steelers tribute to the victims of yesterday's synagogue shooting	sports
9s3309	The WR for Half Marathon has been broken. 58:18 by Abraham Kiptum this morning in Valencia, Spain.	sports
9s23dv	Sky have confirmed the Leicester City chairman and 4 others were in the helicopter. Terrible news.	sports
9s1yo7	N'Keal Harry makes a ridiculous one-handed catch	sports
9s038x	[NFL] Four Jacksonville Jaguars involved in incident at London club	sports
9rzw7c	Yaisel Puig Sends a Ball Into Orbit, Rodriguez Throws Glove into Mound in Disgust	sports
9rzucu	The All-Ireland Gaelic Football Championship Trophy has been stolen, and returned, while on display in New York for only the 2nd time in 38 years.	sports
9rzt94	Rocket City Trash Pandas show off new baseball logos	sports
9rzm58	Pairs figure skating is insane. Here are the gold medalists from today’s 2018 Skate Canada Championships.	sports
9rzk0t	Alex Ovechkin makes a young fan's day by giving him his stick	sports
9rzgig	Simone Biles dominates at world championships despite kidney stone	sports
9rze48	Tyson Fury on Suicide & Depression	sports
9rz5cj	On this day 14 years ago, the Curse of the Bambino was broken	sports
9rxh8l	Leicester City owner's helicopter crashes	sports
9rxg41	Northwestern's Bennett Skowronek makes an amazing 32 yard catch	sports
9rxa2p	Leicester City owners helicopter crashes outside King power Stadium	sports
9rwxl6	Clemson's 300 pound defensive lineman Christian Wilkins scores rushing touchdown	sports
9rwpx4	One of the worst calls for a crazy INT turned TD	sports
9rwlqg	Outrageous pass from Firmino	sports
9rw1we	David Foley's overhead kick against North Ferriby	sports
9rvuh6	18 amazing facts from last night's marathon game.	sports
9rvsui	Tony Stewart Reconsiders Return To Indy 500 After Wickens Crash	sports
9rvaol	NASCAR Driver's Dream Turning Into A Reality!	sports
9rtpxc	Ohio State fans pour in support to Purdue fan Tyler Trent, after the Buckeye loss to Purdue.	sports
9rsq7b	After the Long Foul Ball, Eovaldi Struck Out Muncy on a Backdoor Cutter; The Next AB, Muncy was Looking for Just That	sports
9rsnxd	The amazing camera work capturing the L.A. Dodgers as they watch their teammate hit a walk-off HR in the 18th inning in Game 3 of the World Series	sports
9rsjh3	Max Muncy Walks Off the Longest World Series Game Ever	sports
9rsj3r	Dodgers beat Red Sox 3-2 in 18! innings on a walk-off HR by Max Muncy	sports
9rs42g	After passing the 5-hour, 41-minute mark, this is now the longest World Series game in history.	sports
9rrtz8	This tennis tournament is using shelter dogs as ballboys	sports
9rpecp	Will Grier goes over the WVU game plan against Baylor.	sports
9ronip	American basketball player gets kicked off Austrian team for brutal sucker punch - Golf Digest	sports
9roj2u	UAE Football player sobs during game and stops the play after hearing insults directed towards his deceased brother	sports
9rn5i9	The Dodgers Are One Win Away From Triggering The Super Sports Equinox In LA	sports
9rm3rv	Canadian IndyCar Series driver Wickens confirms paralysis in legs	sports
9rlrl5	Indycar Driver Robert Wickens Does 1st Slide Transfer as Paraplegic Today Following Horrific Crash at Pocono	sports
9rjsx4	Hours after winning Game 2 of the World Series, Mookie Betts helps deliver food to the homeless outside of Boston Public Library	sports
9rh9ek	Lance off the glass to Lonzo for the jam | Spectrum SportsNet	sports
9rguaz	Hopkins with an unreal grab	sports
9rggqq	College football referee specifically says penalty is due to a player "using profanity"	sports
9rgcoy	In The Last Round of The Last Fight of WEC: The Showtime Kick	sports
9rg8zc	Houston Rockets offer Wolves four first-round draft picks for Jimmy Butler	sports
9rg00l	The Detroit Red Wings are so bad this year that Arby's has changed a long running promotion from "Free curly fries if a player scores three goals in a game" to "Free curly fries if the team scores three goals in a game"	sports
9rft6v	Referee tells crowd to be quiet or it will cost a home team timeout	sports
9rdxen	"That" selfie	sports
9rdltx	NFL reportedly fires official after missing blatant false start in Charger-Browns game	sports
9rcwx2	Curt Schilling, Red Sox hero turned far-right provocateur, not invited to join 2004 teammates at Fenway	sports
9r9ppx	Lance Armstrong’s former team manager given lifetime ban from cycling	sports
9r9bcd	When coaches told Koulibaly to take 'hands-on' approach to organising the team's defence, he took their words literally.	sports
9r8rjs	[Cricket] Shai Hope's brilliant 123 runs not out that helped West Indies tie the match against India, India vs West Indies match 2 (10/24/2018)	sports
9r8ni7	[Cricket] Virat Kohli becomes the quickest to reach 10,000 runs in ODI cricket, hits 157 not out against West Indies, India vs West Indies 2nd match (10/24/2018)	sports
9r7m3r	World Series 2018: Dodgers pitching coach rips Fenway Park's 'brutal' bullpens	sports
9r784o	Stephen Curry scores 51 Points in 3 Quarters on 11/15 shooting for 3 pointers	sports
9r6rkz	BYU honors Lauren McCluskey the slain Utes track star by wearing University of Utah colors, their rival school.	sports
9r6r0e	Steph Curry hitting everything in warmups	sports
9r6mt4	Kawhi Leonard reads the play perfectly	sports
9r5yy1	Hippity hop by Benentendi	sports
9r5srw	What happened to Darius Miles? His rise and fall in the NBA, then his life after basketball.	sports
9r4nhw	Brozović sliding block from a freekick [Barcelona - Inter]	sports
9r43a3	Demetrious Johnson suplexes Ray Borg straight into an armbar, breaking Anderson Silva's record for most consecutive title defenses in the UFC.	sports
9r30wh	Adidas Executive, Two Others Found Guilty in College Basketball Corruption Trial	sports
9r2vzp	NHL stays with status quo as Canada pot legalization looms	sports
9r1al8	Sidney Crosby with insane overtime goal	sports
9r18k1	Shaun Murphy Trickshot vs Ronnie O'Sullivan	sports
9r05ag	‘It was a spectacle’: the forgotten era of women’s bicycle racing | Books | The Guardian	sports
9qz533	Sportsbook Owner ‘5Dimes Tony’ Found Dead in Costa Rica	sports
9qyhta	Mookie Betts steals 2nd base against Kershaw in game 1 of the World Series, so we get free tacos!	sports
9qxgsu	Baseball: Former WBC championship team skipper Hara rejoins Giants	sports
9qw5np	Tapine re-signs with Canberra Raiders until end of 2023	sports
9qu9jt	Heavy Wipeout off Nazaré, Drone Footage of wave and aftermath	sports
9qsuf0	Soccer goalkeeper hits seagull	sports
9qstfp	The movement on this knuckleball	sports
9qsn2d	NFL players with brain trauma receive notice of settlements stripped to nothing	sports
9qs3g9	Broncos' QB Chad Kelly arrested for criminal trespassing	sports
9qrzlp	Alex Martin Smith wrote a book on the SEC’s Greatest Football Games and he’s with us on r/SECfootball for an AMA session at 5 ET.	sports
9qrg27	Jack Wilshire finishes off one of the greatest team goals in football history	sports
9qqm8r	Feeling a rookies's heartbeat before his debut	sports
9qq4br	Utah Utes track athlete Lauren McCluskey shot and killed	sports
9qoxno	McGregor throws signature strike at Buchinger & Nurmagomedov. Khabib did his homework.	sports
9qnda7	The story of a corrupt approach at the 2011 World Cup	sports
9qlg0k	Beer guy catches hockey puck and gets scolded by usher	sports
9qkxny	Damian Lillard of the Portland Trail Blazers entered the arena tonight as Stone Cold Steve Austin	sports
9qj1al	Jaguars fan sucker punches Texans fan. Knocks him out cold.	sports
9qik6y	Where did Kareem Hunt go?	sports
9qh9x8	Federer's smash of the century against Andy Roddick	sports
9qfyhk	Kevin Durant with the Golden State Warriors showing off his ball handling skills	sports
9qfrg3	Atlanta United FC has broken the all-time MLS attendance record with an average league attendance of 53,002 in 2018	sports
9qf1dn	Growing sport of pickleball provides lifeline in cancer battle	sports
9qewjw	Former Carolina Panther Rae Carruth released from prison	sports
9qdwbd	Kareem Hunt breaks tackles and hurdles a defender	sports
9qdiqd	Spectacular try in amateur club rugby game in South Africa	sports
9qd8v0	A Special Olympics Race	sports
9qcg60	First Russian UFC champ during a ceromy honouring him	sports
9qa2d1	Steven Adams still does handshake behind reporter with Nick Collison even though Collison is no longer on the team	sports
9q9n0f	Goal for New World No. 1 Brooks Koepka: Stay Healthy | Golf Channel	sports
9q9ids	Best Part of the KC Game	sports
9q9hwp	Amazing angle of Pogba's Goal vs Udinese	sports
9q8sfe	Ex NFL-er Rae Carruth To Be Released From Prison Tomorrow And Wants Custody Of The Son He Tried to Murder	sports
9q8hs7	Patriots Kick Returner Cordarrelle Patterson Stops to High Five a Teammate Before Finishing His Touchdown Return	sports
9q8811	Justin Tucker, the Most Accurate Kicker in NFL History, Reacts to Missing a Game Tying Extra Point Attempt	sports
9q7ujn	Philadelphia Eagles QB Carson Wentz signals a play by calling out "Mini-Me," doing Dr. Evil pinky gesture	sports
9q7efw	Lewis Hamilton's Front wing cam illustrates the mesmerizing speed in F1 cars @ Texas	sports
9q6s3r	Kimi Raikkonen wins his first formula one race in 5 years!(113 races ago)	sports
9q6n49	T.J. Lee requests a Wide Reciever then gets a train run on him	sports
9q677z	Internazionale tifo display before the Milan derby	sports
9q60gw	Chicago QB Mitchell Trubisky Runs 60 Yards for an 8 Yard Touchdown	sports
9q5vpc	F1 fan at the United States Grand Prix decides to use his own sound-effects.	sports
9q5qec	Devin Booker gives his game jersey to a young Phoenix Suns fan	sports
9q5q54	Young prodigy	sports
9q5lfe	GGG shows off his iron chin in the first Canelo fight	sports
9q5j93	Eagles tight end Zach Ertz charges at Eric Reid after Reid hits Carson Wentz. Reid ends up powerslamming Ertz.	sports
9q57fx	[Cricket] Virat Kohli's fluent 140 runs off 107 balls against West Indies, India vs West Indies Match 1 (10/21/2018)	sports
9q4y8t	This Norwegian Man Ran for 24 Hours Straight on a Treadmill	sports
9q4jw3	Adam Thielen wearing Bobby Boucher (The Waterboy) cleats	sports
9q29ph	Chelsea game tying goal from Stamford Bridge	sports
9q24vo	Sugar Ray Robinson sets up possibly the greatest left hook ever thrown	sports
9q1pa6	Rockets vs Lakers fight half speed	sports
9q1o6d	Marq Marquez wins 5th MotoGP title at just 25 years old.	sports
9q143m	Chris Paul, Rajon Rondo and Brandon Ingram all ejected after Lakers-Rockets brawl.	sports
9q0kbc	Unranked Purdue Boilermakers upset No. 2 Ohio State Buckeyes	sports
9pzz6b	Mike Stewart, 55 years old, paddles Bodyboard into a Big Nazaré Bomb... no jetski assist	sports
9pzy03	Puig's Interesting Home Run Celebration in the NLCS	sports
9pz55m	Washington State RB James Williams Breaks Multiple Tackles and Shows Great Balance on an Amazing TD Run	sports
9pyb0x	Syracuse football running back Moe Neal steamroll official against UNC	sports
9pxszm	Lionel Messi Taken Off After Painful Arm Injury Against Sevilla	sports
9pxijl	On an Injured Knee in the ALCS, José Altuve Lays Down a Bunt and Goes 30.2 ft/sec for a Single	sports
9pwj8s	Old Teammates Jonas Jerebko and Donovan Mitchell Showing Some Mutual Respect	sports
9pv8cl	Kawhi Leonard and Danny Green Combine For A Double Chase-Down Block on Jayson Tatum	sports
9psryc	Wayne Rooney amazing free kick mls goal	sports
9psjse	Tongan rugby league fans inspire their team to score a try after breaking into song	sports
9pse7z	Sipi Tau - Tonga vs Australia test match	sports
9prtak	Pernell "Sweet Pea" Whitaker: The High-Wizard of Defensive Boxing	sports
9prt7z	Marc-Andre Fleury sprawls out to save a Claude Giroux breakaway	sports
9prjr2	Wimbledon puts an end to final set marathons	sports
9pritd	Zlatan Ibrahimovic stars in the new SportsCenter commercial	sports
9pr8qs	At a Chicago Blackhawks game, 4 out of 4 participants scored shooting from half ice.	sports
9pquoz	An 11-year-old boy who plays football with one hand received a Shaquem Griffin jersey from his family	sports
9ppwhv	Muhammad Ali Dodges 21 Punches In 10 Seconds	sports
9ppna4	Reports: Jazz fire Bear performer after 24 seasons	sports
9pp9mf	Tunisian Doctor saves Niger player's life (x-post)	sports
9pkoa9	Microsoft sports director indicted for embezzling $1.5 million and stealing employees’ Super Bowl tickets	sports
9pklk3	No more 70-68 5th set matches. Wimbledon finally to introduce tie breaks in final set	sports
9pkj0i	Deontay Wilder makes light work of Bermane Stiverne	sports
9pj5cz	Rihanna turned down Super Bowl LIII halftime show because of Colin Kaepernick	sports
9piy19	Yahoo Sports already has the LA logo in the TBD spot for the World Series	sports
9piks5	Pakistani bowler makes history with the lowest bowling average since the 20th century.	sports
9picdw	Louisiana high school to wear SCLSU Mud Dogs uniforms from "The Waterboy"	sports
9pgw2j	Kawhi Leonard is Able to Dunk and Palm the Ball Before It Hits the Floor	sports
9pg8az	The Red Sox Win the Pennant!	sports
9pg1lm	Dwight Howard begins season with, rather than as, a pain in the ass	sports
9pfwak	LeBron James first points as a Laker	sports
9pfqrr	No Interference Tonight: Mookie Betts Makes a Fantastic Leaping Grab	sports
9pf92w	Loving the equinox! Watching all of the big 4 professional leagues at the same time	sports
9peofd	To Get a Sports Apparel Edge, Nike's CEO Extorted University of Oregon's President, by Withholding a Donation That Would Save His Dying Daughter	sports
9peej7	Ready for Game 4. Go ‘Stros!	sports
9pecgh	Happy Sports Equinox day, everybody. 6 different North American sports have at least one event tonight.	sports
9pe35u	AJ rocks Klitschko with an uppercut	sports
9parwn	Youth Olympic Games: Watch a 'ridiculously good rally' in the beach volleyball - BBC Sport	sports
9p9y27	Wayne Rooney curls in a free kick for D.C. United	sports
9p9szh	Boban Wobjanovic dunking without leaving the ground	sports
9p97hf	Pond hockey in Sweden, 1959	sports
9p939y	Astro employees caught testing Mookie Bett's glove for regulation size	sports
9p92bi	MMA Fighter perfectly times opponents spinning attack with a spinning elbow of his own	sports
9p8hny	Andrei Vasilevskiy says it's hard to stop an Alex Ovechkin shot because 'I’m not the octopus'	sports
9p7mv2	Ali's brainfade runout	sports
9p6bm4	Hottest Man on the Planet- Jackie Bradley Jr. Hits a 2-Run Bomb, His 9th Two Out RBI in Three Games	sports
9p6at3	The Red Sox just won to go up 3-1 in the playoffs on a diving catch from Andrew Benetendi	sports
9p5rf2	The US Womens Soccer Team Wins CONCACAF Championship Cup	sports
9p590s	Giorgian de Arrascaeta arrived in Brazil today after a 24 hour flight. He scored the championship winning goal for Cruzeiro	sports
9p4rz0	Guy hits half court shot for 10,000 dollars at Madison Square Garden	sports
9p3xp7	Nathan Lyon takes an insane catch off his own bowling.	sports
9p3qxw	Report: Chargers struggles to get foothold in L.A. hot topic at owners meeting	sports
9p2gev	'We’re fighting': Floyd Mayweather says Khabib Nurmagomedov bout will happen | Sport	sports
9p1w9n	Gibraltar have won more competitive matches in the last four days than Germany have won in the last year.	sports
9p101m	Saul 'Canelo' Alvarez signs what could be the 'most lucrative' deal in sports history	sports
9p0kgc	I get that this is against NCAA rules, but can someone ELI5 why the FBI is involved/it's illegal and Gassnola is being charged with wire fraud?	sports
9ozzcp	Celtics Fan from my school	sports
9ozi63	David Ortiz absolutely loses it on the Fox Sports set during the Red Sox huge 8th inning	sports
9oz0ts	Bellinger's Clutch Diving Catch!	sports
9oy6jy	Real Mardid Protest To Spanish FA Over La Liga Plans Girona-Barcelona Game In US	sports
9ox2yx	Jonah Holmes Speaks For The First Time Following Shock Call-Up To Wales Squad	sports
9ox1ln	Luke Donald: Ryder Cup role 'inspired' former world number one on return	sports
9ouu44	Astros caught cheating first against Indians, now against Sox	sports
9ougmc	Jamie Benn and Miles Wood let the punches fly	sports
9ou0qr	Angels opt out of stadium lease in Anaheim	sports
9otspt	Sergei Naydin (RUS) missed his medal ceremony yesterday because he had to be taken to the hospital, so they organized a special one just for him today	sports
9othc9	Jackie Bradley Jr Hits a Huge Grand Slam Off of Roberto Osuna	sports
9ot2bm	A sports equinox is when all 4 major sports play on the same day. With the Red Sox - Astros Series guaranteed to go 5 games, we’ll likely see 2 days this year with all 4 sports playing regular season or postseason games.	sports
9osq8j	USA Gymnastics' interim president Mary Bono resigns after 4 days	sports
9oqu8q	Barcelona to distance themselves from Ronaldinho and Rivaldo duo to their support for far-right Brazilian Presidential candidate Jair Bolsonaro	sports
9optsg	TJ Dillashaw uses Renan Barão’s head as a punching bag successfully defending his Bantamweight championship.	sports
9op89x	I'm going to cover College Basketball for Reddit! Excited to bring you a behind-the-scenes look into basketball arenas across the country. Is this something that you all would be interested in seeing?	sports
9op2te	Connor McGregor made an appearance at the Dallas Cowboys game on Sunday	sports
9oo7tf	Incredible High Jump 1.95m by 17yo Mahuchikh during Youth Olympic Games	sports
9olk2f	British Masters a victim of the financial realities of the professional game	sports
9olfw7	Laurent Koscielny: Defender criticises Deschamps and retires	sports
9ojlye	LSU's Breiden Fehoko doing a traditional Haka war dance with his father and brother before the Georgia game this Saturday	sports
9ojlka	Here's Brady "Cyborg" Tkachuk of the NHL's Ottawa Senators getting a hardware patch on the bench	sports
9oj85h	I covered the West Virginia at Iowa State game on Saturday as CFB Media! See my behind the scenes look at Jack Trice over on r/CFB	sports
9oij7h	Text messgaes between Gassanola and University of Kansas's Bill Self show clear evidence of intimate knowledge in pay-for-play recruiting.	sports
9oi7vg	Red Sox Mookie Betts scores from first without a ball ever being put into play in ALCS game 2 Vs Houston Astros	sports
9ohexf	Paul Allen: Dead at 65	sports
9oh04p	Patriots ban fan for throwing beer on Tyreek Hill	sports
9ogx8s	Result Nations League 15-10-2018	sports
9og14x	LSU fan walks out of Death Valley with the down marker. How’d he get out the stadium with it? The world may never know. That’s what legends are made of.	sports
9of14f	Khabib Nurmagomedov, Floyd Mayweather talking possible fight	sports
9od7un	The curve on that shot!	sports
9ocdbi	Otago rugby player, Jona Nareki, plays on with a smashed testicle	sports
9o97l4	Pat Mahomes throwing deep to Tyreek Hill for a 75 yard touchdown against the Patriots	sports
9o6x93	Kenyan Drake was the biggest story against the Bears, not Osweiler	sports
