9pgw2j	Kawhi Leonard is Able to Dunk and Palm the Ball Before It Hits the Floor	sports
9taifh	Derrick Rose reduced to tears after getting the game saving block and a 50 point game.	sports
9lt54f	Kevin Durant, who was drafted by the Seattle SuperSonics before the team relocated, wore a Sonics jersey and was loudly cheered in his return to the city	sports
9vawz7	Aaron Gordon styling in mid-oop!	sports
9771ba	FIFA no longer considers "corruption" a violation under its new ethics code, but will now ban any officials found to have made "any public statements of a defamatory nature towards FIFA."	sports
97bofi	Duke freshman Zion Williamson dunks from the free-throw line	sports
9q143m	Chris Paul, Rajon Rondo and Brandon Ingram all ejected after Lakers-Rockets brawl.	sports
8vebgb	Lebron James signs with Los Angeles Lakers	sports
9u83ue	Sports Droughts By City	sports
9sjb60	The Golden State Warriors have scored 92 points in the first half against the Chicago Bulls, the second highest total in NBA history	sports
8pq44t	Warriors win 2018 NBA title, blow out Cavs in Game 4 108-85	sports
9kxoni	LeBron takes it coast to coast and finishes as a Laker	sports
8q8st6	LeBron's dance at the playoffs finals.	sports
8qgb80	Friends and teammates	sports
8twz5b	NBA draft suits--2003 vs 2017	sports
930eb6	AAU basketball player's dad joins the warmups	sports
8w50cl	Kobe doesn’t flinch	sports
891yfk	Absolutely incredible skills to sink the basket during a high school basketball match	sports
81aysv	Lebron James gives a behind the back pass to himself, through his teammate’s legs.	sports
86cef4	Paulinho Boracini scores a 3 pointer after a pass to himself on a free throw to win the game.	sports
9mcm2t	Ronald Acuña Jr. becomes the youngest player to hit a postseason grand slam in baseball history	sports
8bqmjn	Turning one point into three	sports
839937	Greg Popovich conducts a vote on whether to let Patty Mills keep playing while in foul trouble.	sports
9j7d45	Clifford Robinson says the NBA needs to treat cannabis like alcohol	sports
8596o8	March Madness summed up in one photo	sports
9f2xqx	Gilbert Arenas puts up $100k for 3pt shootout vs Nick Young. Proceeds to shoot 95/100 (skip to 2:12 for shots | skip to 12:54 for final shot)	sports
8l7r82	Michael Jordan flying home after winning one of his 6 NBA championships	sports
7t40pj	Football commentators are crazy!	sports
812iyb	James Harden drops Wesley Johnson and hits the 3	sports
9tkqnd	Report: Cavs' Smith hoping for a trade | NBA.com	sports
8psjup	LeBron James says he 'pretty much played the last three games with a broken hand' after James punched a whiteboard in the locker room after Game 1	sports
9kl899	NBA star Kyrie Irving apologizes for saying the Earth is flat	sports
82osa7	Leslie Chow trying his best to make Duke likable	sports
7i6nzb	Steph Curry desperately trying to get open	sports
9r5srw	What happened to Darius Miles? His rise and fall in the NBA, then his life after basketball.	sports
9jm6b7	Starting in December, you can waste $1.99 only watching the final quarter of an NBA game	sports
8mw1o2	The NHL and NBA Finals matchups tells you everything you need to know about the competitiveness of the 2 leagues	sports
8xvieg	Ronaldo’s Deal Blows Away Top Contracts In Other Sports	sports
8p7sw9	Kevin Durant drops the dagger in Game 3 of the NBA Finals	sports
7g0uev	Ravens 340lb DT Brandon Williams doing a handstand	sports
9tlrx7	NBA G League teams hold open tryouts every year. Here's a look inside the process (season starts tonight)	sports
95igyg	Manute Bol (7'6'') and Muggsy Bogues (5'3''). The tallest and shortest players in NBA history.	sports
96h3oj	Donovan Mitchell is a class act!	sports
8t4zi4	Nigerian school children sing "over the bar" as Iceland are awarded a penalty against them	sports
8h92kx	Playoff Intensity	sports
8i7b3o	America's 147 Professional Sports Teams Ranked By Each Team's SubReddit Subscriber Count (NFL, NHL, NBA, MLB, MLS)	sports
9art1w	Manu Ginóbili has retired after a 23-year career, 4 NBA Championships, 1 EuroLeague and 1 Olympics Gold Medal. Remember the most Manu Ginóbili play of all time.	sports
9ecbo5	Ex-NBA star Garnett sues ex-accountant for $77 million	sports
8mwjvr	The 27 consecutive missed 3's by the Rockets in Game 7	sports
7fhxtw	From Hero to Zero	sports
8mvx29	The Golden State Warriors beat the Houston Rockets 101-92 to go to the NBA finals	sports
7m42bb	Merry Christmas	sports
78t3lh	Trevor Booker joins Cleveland's huddle.	sports
8zy98i	UNC's Larry Fedora says the game of football is 'under attack'	sports
8mmx8t	The Cleveland Cavilers beat the Boston Celtics 87-79 to advance to the NBA Finals	sports
9h82ao	Mark Cuban to pay $10 million following NBA's sexual harassment investigation	sports
8lfiy5	Trying to teach my son: how is this a eurostep and not a travel? Harden dribbled once from half court to the basket? Looking for a true explanation, not an opinion. Thanks!	sports
8w37ml	[Serious] Are the modern Golden State Warriors bad for the NBA? Why or why not?	sports
8od4t5	Savage Warriors Fans Chant "MVP!" to J.R Smith as he shoots free throws	sports
8pva1a	Longest title drought by sports city.	sports
8r57y9	Earvin “Magic” Johnson, Dominique “The Human Highlight Film” Wilkins, and Isaiah “Zeke” Thomas hanging out back in the mid-80’s. Three of the all-time greats.	sports
8ol6ab	Just over 75% of current NBA players have only known an NBA Finals that features Lebron James.	sports
6q3m81	The most important stat...	sports
8praxh	Golden State Warriors are the NBA Champions. Back-to-Back Champions and 3rd Championship in 4 Years. Kevin Durant was awarded the Finals Most Valuable Player trophy.	sports
8mn5x3	LeBron James with another And-1	sports
9b6s8x	Sources: NBA lifts color restrictions on sneakers	sports
8ycp1q	Why do sports broadcasters always think that people want the two biggest teams in the finals every year?	sports
93cg4a	LeBron James opens school for challenged youth in hometown	sports
8khue8	What is the most ignored rule in sports?	sports
8g52r0	Ben Simmons gets "NOT A ROOKIE" chants from Boston Celtics fans	sports
6kzxf9	Jeremy Evans dunks over a painting of himself dunking	sports
8qf91j	USA's U18 Mens Basketball team led Panama 43-0 at the end of the first quarter. 70-8 at half.	sports
8nbvog	Does ESPN not cover the Golden Knights sufficiently because of the NHL’s closer partnership with NBC?	sports
923exo	Vince Carter, 41, to play 21st NBA season	sports
6plt4e	SportsCenter these days.	sports
8pllf4	Current defending champs are all 1st timers: MLB Astros, NFL Eagles, NHL Caps	sports
8mvzdz	NBA becomes the first major North American league to have four straight finals with the same teams.	sports
67edzg	Young Shaq brings down the hoop	sports
8pc1e4	Which of these will happen first in the big 4 North American sports?	sports
8qdtwc	What position in sports has better athletes than NFL running back?	sports
8xayth	Microfracture surgery - once a very common procedure for athletes in the NBA has plummeted because stars almost never come back the same.	sports
8dswh7	Marijuana in Sports: Ex-Players Say 85% of NBA, 89% of NFL Smoked Pot	sports
8berq4	32 year old Andre Ingram receiving game ball after dropping 19 points in his first ever NBA game.	sports
8psxmz	Which North American city desperately needs an expansion team, and for what sport?	sports
8or1g9	The NBA 2K19 cover featuring Lebron James	sports
8mw4aw	Boycott the NBA finals!	sports
8prh2u	Look! Klay Thompson holding the NBA Championship.	sports
8q82na	The Golden State Warriors Know Dynasties Aren’t Easy	sports
8kcpqx	Promotion/Relegation for USA Sports	sports
7vstbx	Giannis Antetokounmpo jumps over Tim Hardaway Jr. for the alley-oop	sports
93i8z5	Why LeBron's I Promise School Is Bigger Than Any NBA Championship Ring	sports
8mw4s3	Does anyone have the source of an NBA analyst saying he'd stop watching the NBA if it was the same Finals matchup again this year?	sports
8ho7pw	American Sports for Newbie Fans	sports
8mjlkt	What are examples of tactical revolutions in sport? (i.e Baseball's "Opener", NBA's "Seven seconds or less")	sports
8pvccj	Here’s to another exciting NBA playoffs	sports
8myk7d	Warriors earn 4th straight Finals trip with Game 7 rally over Rockets	sports
5l4j93	Auburn player is warmly welcomed into Georgia huddle.	sports
8qms43	NBA Players’ Union Hires Its Very First Director Of Mental Health	sports
8htmkw	China's nicknames for NBA stars are hilarious, weird and kind of mean	sports
6h06fn	Golden State Warriors refuse to visit White House after winning NBA title	sports
89as23	Who in your mind is the greatest player to never "Win it all"	sports
7r9ez6	Steph Curry shut down by Bulls Lauri Markkanen	sports
8lfz62	Top 100 Biggest Names in Sports	sports
8geor6	This ridiculous foul that happened during tonight’s New Orleans and Golden State game	sports
8hjc7p	Where Can Someone Find Details Such as First Pitch, Tip-Off and Other Actual Start Times of Sports Events?	sports
5o4vn3	Redeemed himself on missing that first dunk even though the basket didn't count	sports
8kzi03	Can someone with NHL and NBA knowledge, explain to me the talent that Vegas Golden Knights received to start the team?	sports
8krfe8	I've never seen any of the basketball and hockey games (full time). What are the "must watch" matches?	sports
8dl8wg	Horace Grant dunking over Charles Barkley. 1993 NBA Finals.	sports
5kpenh	"hey now. if it works, it works"	sports
71zi0o	Megathread: NBA Reactions to Trump Comments	sports
917wy6	[NBA] 10x All-Star Melo Anthony will sign with the Houston Rockets once he goes through waivers	sports
85c9zk	Why do the talk/debate shows on ESPN and FS1 talk about basketball and football (mainly NFL/NBA) 85-90% of the time?	sports
95p4ar	USA basketball and NBA "blindsided" by NCAA announcement	sports
6otoim	Nets bench almost forgot which team they were on	sports
8qb39z	“NBA” - A Bad Lip Reading	sports
8sz452	(Serious) During the NBA draft last night, Chauncey Billups compared every white player to another white player.	sports
8qa7dq	[Yahoo] Former NBA Commissioner David Stern Backs a Sports Cryptocurrency Play	sports
86kr9f	As NBA, NCAA struggle with 'one and done,' MLS busy signing teens	sports
5v6in3	Giannis Antetokounmpo rises for a dunk in his first All Star game as nine of the best players on the planet look on.	sports
6j3fzi	2003 vs 2017 NBA draft suits.	sports
8l42nw	Canadian NHL/NBA/MLB Championship Drought Extends to 25 Years	sports
6gxe0x	Golden State Warriors Defeat Cleveland Cavaliers to Win 2017 NBA Championship	sports
92xe21	NBA Rumors: Manu Ginobili Expected To Return For HIs 17th Season, Spurs Beat Writer Reports	sports
88thyp	Curious, does anyone know if the lack of sports on free TV in the US is affecting the overall franchises?	sports
7vuaqd	Lauren Holtkamp (NBA official) with one of the worst calls you'll ever see	sports
62l3gn	TIL: Robert Horry(7) has won more NBA championships than Michael Jordan(6).	sports
8odvp1	Curry Sets New NBA Finals Record with 9 3-pointers	sports
7s3v52	(Opinion) Is this the worst 5-year stretch for parity in sports ever?	sports
7ybkrv	Devin booker wins the three point contest and set a new record with 28 points in the final round	sports
8h4ofs	Spurs' Becky Hammon to become first female to interview for head coaching gig in NBA	sports
862537	How do you get into Basketball	sports
8ch0ur	Why do the NBA and NHL playoffs occur at the same time instead of moving one to the winter?	sports
4owiku	Cleveland Cavaliers Win NBA Championship in Game 7 Over the Golden State Warriors	sports
7s2ngs	Upset NFL Fans Claim Refs Rigged AFC Championship.	sports
7xm32g	Lonzo Ball Is Reportedly Charging $199 For Autographs During All-Star Weekend	sports
6x8a50	How a Stadium Transforms from the NBA to NHL	sports
8oc8jp	Predictions for game two of the NBA Finals tonight?	sports
78ojs1	Former NBA Commissioner David Stern says that marijuana should be lifted from the banned list in the NBA and eventually for all sports.	sports
81bvl2	Insane behind the backboard shot by Dwayne Wade	sports
5ijus2	Craig Sager has passed away, according to Turner Sports. One of the all-time greats. RIP.	sports
8qyrjd	2003 NBA Draft	sports
8dtmbe	With the Winnipeg Jets' 4-1 series win over the Minnesota Wild, the Columbus Blue Jackets are the only Big 4 franchise (MLB/NBA/NHL/NFL) never to advance in the playoffs.	sports
8vudtc	What do you think would happen if one the players in an NBA game had his name spelled wrong, in the back of his jersey and it was seen in a televised game?	sports
7aon8b	Kristaps Porzingis makes a big block on one end and then finishes with a dunk on the other	sports
8pwqmz	Stanley Cup, NBA Championship, and Triple Crown were all awarded on three consecutive days.	sports
7gdk7a	ESPN eliminating 150 studio, production jobs	sports
8bmznx	The Minnesota Timberwolves have made the 2018 NBA Playoffs, breaking the longest active postseason drought in the league	sports
6a6lts	Charles Barkley says the NHL playoffs are more fun than the NBA playoffs this year	sports
8h3e2f	How basketball unites 93-year-old Raptors fan and Jonas Valanciunas	sports
8lh361	8 NBA conference final games have finished. I’m not sure about the first 2, but the results of the last 6 games have been 100% accurately predicted by the before-game push notification of the official NBA app...	sports
8bpbyo	Last night Russell Westbrook of the Oklahoma City Thunder became the first basketball player in NBA history to average a triple double for a second straight season :)	sports
4r7qi9	Kevin Durant chooses to sign with the Golden State Warriors	sports
8etn20	• [Wojnarowski] The NBA and NBPA conversations on eliminating the one-and-done draft rule -- which would allow high school seniors to enter the NBA -- are centered on the 2020 Draft as the earliest possible date for change, league sources tell ESPN.	sports
7uiwwt	LeBron open to FA talks with Warriors	sports
7tuwl9	Manu Ginobili accidentally makes 3 pointer, opponents act like it never went in.	sports
82r9cr	If you had the choice to be an average NBA, NFL, NFL, MLB, or Premier League player, which would you choose and why?	sports
8iqpdb	On this day in 1980, Dr. J pulled off one of the greatest plays in NBA history.	sports
619bxh	March Madness generates $1.24 Billion in ad revenue. 200 Million more than the 2016 NBA playoffs.	sports
8le8xi	Can we just take a second and recognize the large difficulty discrepancy between the NBA Eastern and western conferences?	sports
8nuzia	Let me get this straight: No pair of teams had ever met in 3 consecutive final rounds (World Series, Super Bowl, World Cup.) before 2017 NBA Finals.	sports
8syrsn	Looking for an NBA Team to Follow for Years to Come.	sports
8f6zlk	With the Wolves losing their playoff series to the Rockets, Minnesota NHL, NBA, MLB and NFL teams have now gone 100 combined seasons since any even played in the championship game of their league.	sports
793v3g	This spin move by Kyrie Irving	sports
7l3lxz	LaVar wants to start league for HS grads paying up to $10K a month	sports
6h4tra	In 1984 this was a regular foul in the NBA. No technical call. No flagrant call. Just two free throws.	sports
91puoj	Winners and losers of NBA free agency	sports
8ne7lx	NBA Hit with Wrongful Death Lawsuit over Player Who Collapsed on Court. ZEKE UPSHAW collapsed on the court on March 28th,2018 of Sudden Cardiac Death. The lawsuit is against Grand Rapid Driver's owners, Detroit Pistons, and the NBA, for failing provide adequate medical care to her son.	sports
80gwwq	Can you rank the MLB, NFL, NBA and NHL drafts in order or importance?	sports
7yjwsm	Fergie Butchered the National Anthem at the NBA All Star game!	sports
7f7lug	Trump complains that 'players are the boss' in the NFL	sports
7j644w	LaMelo and LiAngelo Ball Sign 1-yr Deals with Lithuanian team Vytautas	sports
72dw6t	‘Sunday Night Football’ Ratings Down Again On Day Of Player Protests	sports
4uwqqx	Dirk Nowitzki's Zaza-esque penalty in charity match	sports
7xtutr	TIL: In the last 20 Years (1998-2018), Only 3 Players Taken Number 1 Overall in the MLB Draft Have Won a World Series Ring. (Pat Burrell, Luke Hochevar, and Carlos Correa)	sports
85h93r	Players on both teams laugh after NBA Referee ejects coach for no reason	sports
83rqwh	The NCAA Tournament is a loser machine | Chart Party	sports
6fylkn	Cleveland Cavaliers fall to Golden State Warriors, 118-113, in Game 3 of 2017 NBA Finals	sports
6revm0	Official: PSG signs Neymar	sports
5kjvgs	Houston Rockets rookie center Chinanu Onuaku brings the 'granny shot' back to the NBA.	sports
4ohi14	Steph Curry nails fan with mouthguard...that accuracy	sports
4epkaj	Steph Curry hits 400 3 pointers in a season...no one has ever made 300.	sports
4807qp	Steph Curry hits a deep 3 pointer to win the game in OT.	sports
8t7az7	2018 NBA draft: Grades for all 30 teams	sports
7za77h	Mavericks owner Mark Cuban admits telling players to tank rest of season	sports
7g9pwp	Lebron James Gets Ejected From Game - 1st Time Ever | Cavs Vs Heat	sports
52o18d	Messi and Neymar combine to slice through 6 Celtic players	sports
8n10mn	TIL this is Lebron James's 8th consecutive NBA Finals appearance	sports
4ipy6l	Golden State's Steph Curry is the first unanimous MVP in NBA history.	sports
8kaf8x	Has a team ever lost every home game in a best of seven series, that went the full seven? (MLB/NHL/NBA)	sports
7u6y2f	James Harden posts first 60-point triple double in NBA history.	sports
8fzmxf	NBA’s Klay Thompson roots for his brother, MLB’s Trayce Thompson, for his acrobatic catch.	sports
8nws9v	Former NBA Player Rasual Butler and Wife Leah LaBelle Had Meth, Alcohol in Systems at Time of Death	sports
8ici8e	Trying to find a post that was posted here. It was some sort of NBA player who would pretend he was throwing the ball then waited a second which confused other players, then threw it.	sports
7pgocs	Which sport is more physical - Hockey at an NHL Level, or basketball at an NBA level?	sports
8vvit2	Trae Young's NBA summer league debut did not go well	sports
8wrqfe	Guards Often Become NBA Summer League Superstars	sports
5u5f0v	Passes Don't Get Much Better Than This!	sports
65taok	Steven Adams Delivers A Hard Screen To Patrick Beverley	sports
8dlf30	NBA playoffs: Pelicans crush Trail Blazers to take 3-0 series lead; Embiid has plenty to say after 76ers win	sports
8cuege	2018 NBA playoffs: Warriors come back to top Spurs; vintage Wade too much for young Sixers	sports
862tl6	On this day in 1953, the Boston Celtics and Syracuse Nationals played an NBA game in which 12 players fouled out and 2 were ejected. There were 106 total fouls in the game, which went to quadruple overtime.	sports
8ba8qx	The Lakers surprised a 32-year-old G League veteran with a promotion to the NBA during his team's exit interview	sports
77geup	Today will be only the 17th "Sports Equinox" in sports history	sports
8okofn	On this day in NBA Finals history: Kyrie Irving fractures his kneecap in 2015	sports
80s6rr	Why does every great NBA player get compared to Jordan instead of Kareem Abdul-Jabbar?	sports
7vf4yf	NBA financial crunch is coming: "Add it all up, and it's a bad year to be a free agent -- or a team looking to reduce salary."	sports
7ex2b4	An NBA referee fell and slid on the court like a baseball player, so Tim Hardaway Jr. called him safe	sports
7nbuml	Do you have a second team you cheer for if your team is out of it? First, state you team and then your second.	sports
674d0c	Someday, kids will think that this picture is Photoshopped	sports
6g92je	IOC has added 3-on-3 basketball as an Olympic event for the 2020 Tokyo Games.	sports
65zamy	[x-post r/Warriors] Stephen Curry Does Not Get Foul Calls	sports
82z4ia	NBA referee gets a little excited when he calls a “blocking foul”	sports
4bamgg	Texas A&M down 12pts with 44secs remaining, rally a massive comeback to force OT against UNI (youtube)	sports
87ax3v	NBA G-league player Zeke Upshaw passes away after collapsing on the court Saturday night	sports
7xnj7n	Does anyone know anything about this? (Read my comment for details)	sports
8esd9r	Golden State Warriors vs San Antonio Spurs Full Game Highlights Game 5 2018 NBA Playoffs	sports
7sir2l	Lebron James congratulates Lebron James on reaching 30K points before reaching 30k points.	sports
7garej	Mascot handling security detail at NBA game	sports
484jxz	NBA 3pt leaders 1980 - Present	sports
7k42p1	Potential 2018 No. 1 draft pick Luka Doncic is almost too good to be true (Video)	sports
84f7ro	The Raptors’ Bench Is Destroying The NBA	sports
8q3x90	Every Scoring PLay from The NBA Playoffs, Visualized	sports
789tt8	Former NBA ref Bob Delaney getting a ferocious earful from Michael Jordan. Before becoming an NBA ref, Delaney was a New Jersey State Trooper and undercover agent who infiltrated the mob in the 1970's under the alias, "Bobby Covert". He currently serves as the NBA Director of Officials.	sports
6m2rgt	This is the best picture of the Lebron-Wade duo	sports
7tecud	[XPOST /r/NBA] Curry and Durant play the rim is lava	sports
7y6ff7	MJ using his mid-air body coordination and ability to easily palm the ball to his advantage. (X-post r/nba)	sports
6zox3j	The Los Angeles Lakers are retiring both of Kobe Bryant's numbers	sports
718e95	9 nba teams lost money this year AFTER revenue sharing	sports
8ew7ea	NBA Should Open Draft To High Schoolers, NCAA Commission On College Basketball Says	sports
4kxr75	OKC takes a commanding 3-1 lead over GSW.	sports
7yp889	Marvin Gaye sings the best version of the National Anthem, ever, at the 1983 NBA All-Star Game	sports
7pupmc	What do you think are the best championship ring(s) in sports?	sports
5ow2y7	Russell Westbrook forgets to dribble	sports
4ilim7	Kyrie Irving Glitch (x-post /r/NBA)	sports
4ohj7q	Steph Curry's wife, Ayesha Curry, calls out NBA for fixing games.	sports
8a0iib	Which tandem has the best shot of winning both the Stanley Cup and NBA Finals in the same year from the same city/metro; Sharks-Warriors, Leafs-Raptors, Bruins-Celtics, or Flyers-Sixers?	sports
3vycl6	Your Mic is On - A hasty compilation of a few of the best times a player/ref didn't know or care the broadcast could hear them.	sports
8bl1qm	32-Year-Old NBA Rookie Steps Off Bench And Floors Crowd In 'Helluva Opening Night'	sports
60hctx	Tough But Fair: Coach K Suspends Grayson Allen For Rest Of Tourney	sports
6gx4ft	This still from the NBA Finals	sports
738f8n	Some pics I took of the Dream Team (1992 USA Olympic Basketball Team) [cross-posted in /r/nba and /r/pics)	sports
3qlf0g	Triple decker dunk	sports
80jx4d	Stephen Jackson’s heated response to Zaza Pachulia’s dirty play on Westbrook: ‘I would’ve slapped him!’	sports
