97scsi	Two more Olympic gymnasts reveal abuse by Larry Nassar	sports
9eaikk	This is how Tokyo will use technology to transform the 2020 Olympics	sports
9qd8v0	A Special Olympics Race	sports
9ifv3j	Justin Gatlin beats Usain bolt to win a gold at 100m. World championship final	sports
9n86sl	To the surprise of no one, the 2020 Tokyo Olympics are going massively over budget	sports
9h1llc	@AP: BREAKING: North and South Korea agree to seek to jointly host the 2032 Summer Olympics.	sports
8k97xt	Olympic Curler, Matt Hamilton, used his gold medal to mark his ball at the BMW Charity Pro/Am	sports
9oo7tf	Incredible High Jump 1.95m by 17yo Mahuchikh during Youth Olympic Games	sports
7x68xs	Chloe Kim land back-to-back 1080s for the first time in Olympic history to win Gold in the Women's Halfpipe with a 98.25	sports
7zvjai	USA Men's Curling wins Olympic gold for first time ever.	sports
7yj7rr	German Bobsled Team Crashes Into 1st Place	sports
7zqme4	German foreign Office release wholesome travel advisory for Germans in Canada after amazing semi-final victory	sports
7xz39n	Akwasi Frimpong, Ghana's First Skeleton Athlete, Enjoying PyeongChang	sports
7qpdd4	Hockey Training for 9 Year Olds in Russia	sports
874g7p	How the world curling final ended on NBCSN online	sports
7x00qk	Curling 360 no scope	sports
7k6zaz	Weightlifter promised his wife to win an Olympic gold medal before she died in a car accident	sports
9eauka	Michael Johnson: Four-time Olympic champion recovering after 'mini-stroke'	sports
7wb2ol	Johnny Weir and Tara Lipinski look like they‚Äôre announcers for Hunger Games	sports
90gxpg	Two umpires called this a check swing	sports
7z699d	[Ice Hockey] German announcers lose their minds as Germany beat Sweden in historic quarterfinal upset	sports
96zxkx	18-year-old Mondo Duplantis won the European Championships in the Pole Vault	sports
7zgyc3	Tyler Nicholson and Staale Sandbech create a new Olympic Sport	sports
7quwx3	EHF Euro 2018 - Sigurdsson penalty rebound	sports
7jiptx	Olimpic games 2018 by Vladimir Tsesler	sports
905epv	Olympic figure skating champion Denis Ten dies after being stabbed	sports
6ryan4	The fastest 100m times ever. Names crossed over were using doping.	sports
7y3y99	Nathan 'Quad' Chen performs 6 quads in the mens free skate. I think he redeemed himself.	sports
7hpwku	Vasyl Lomachenko knocks down Chonlatarn Piriyapinyo with a sequence only he could throw	sports
7y4o8n	The parallel giant slalom SNOWBOARD world champion, CR's Ester Ledecka shocks the world and herself by winning the women's alpine skiing super-G. She borrowed Mikaela Shiffrin's skis, and wins the gold-medal with this incredible run.	sports
8rp8je	[Rugby]USA beat Scotland(and any tier 1 nation) for the first time in the history	sports
73zhvp	Dick Fosbury changes the High Jump forever with the Fosbury Flop at Mexico 1968 Olympics	sports
7zd1c1	U.S.A. women‚Äôs hockey team wins gold in shootout!	sports
98swyx	Dutch swimmer (and cancersurvivor AND Golfd Olympian) stops with record-breaking attempt after swimming 163km in 55 hours. The goal was 200km in 3 days as a fundraiser for cancer-research.	sports
9g9qxr	The podium in the men's 5000m at the 2004 Olympics. To the left is Kenenisa Bekele, the World Record holder in the 5000m and 10000m. In the middle is Hicham El Guerrouj, the World Record holder in the Mile and 1500m. And to the right is Eliud Kipchoge, the World Record holder in the Marathon.	sports
7z744u	The 'facesitting' ice dance lift that was removed (but eventually re-added) by the gold medallist Canadian team in fears it would be seen as too 'lewd' by the Olympic judges	sports
8iznbt	Mondo Duplantis breaking his own World Junior Record with a 5.93m (19'5.5") jump at his last High School meet	sports
9iy4tj	18 years ago today, Vince Carter dunked over 7'2" Frederic Weis at the 2000 Sydney Olympics	sports
7c5l54	Powerlifter Jessica Buettner attempts a new PR deadlift	sports
8klynd	Team USA Falls to Sweden, 6-0, in MWC Semis	sports
7xf141	Shawn White wins his 3rd Olympic half pipe gold medal	sports
7zofuh	Germany beats Canada in the Olympic's icehockey semi-final	sports
6pf2xm	25 years from the most memorable Olympic Cauldron lighting - Barcelona '92	sports
7z8xxd	Miscalculated jump sends Canada's Christopher Del Bosco flying	sports
9u3a88	Amanda Lightfoot only started skiing at 19, but she‚Äôs already been to 2 Winter Olympics and she‚Äôs hoping to go to a 3rd!	sports
6zd99x	An Olympic skier's workout.	sports
8ac9ua	Gold medal-winning U.S. Olympic men‚Äôs curling team throwing the first pitch at the Twins home opener	sports
9ac64f	Dying to Win? Olympic Gold Medals and Longevity	sports
80c3rv	Olympic snowboarder narrowly misses squirrel	sports
6qpy54	Los Angeles agrees to host 2028 Summer Olympics; Paris to serve as 2024 site	sports
9s3omv	Raised fist: Tommie Smith and his "moment of truth" at the 1968 Mexico City Olympics	sports
851evf	Is the UMBC victory the biggest upset in sports history? Why or why not?	sports
8032fv	The only way for Norwegians to spend the final day of the Winter Olympics: watching Bj√∏rgen beating the crap out of everyone from the get-go	sports
8ytp1g	British Fencing: Crowdfunding appeal for Tokyo 2020 raises just ¬£170 in first month	sports
6i93pp	Surya Bonaly performs her signature move, a backflip landed on one skate, after losing her shot at a medal in the '98 Nagano Olympics. The move is illegal in figure skating due to its danger.	sports
7er2jb	IOC bans four Russian athletes for life over Sochi doping	sports
9k6t48	Ben Johnson‚Äôs 1988 Olympic drug test contains altered lab codes and hand-scrawled revisions. And almost no one has seen it until now	sports
9k153a	Brazil men‚Äôs volleyball team just made it to its 5th consecutive World Championships final (2002, 2006, 2010, 2014 and 2018). With 4 consecutive Olympic finals (2004, 2008, 2012 and 2016), they celebrate 16 years at the top of the sport.	sports
9lqmuw	Ryan Lochte's lawyer says the Olympic swimmer will seek treatment for alcohol addiction	sports
7xaeu7	Slow motion ice skating back flip	sports
9art1w	Manu Gin√≥bili has retired after a 23-year career, 4 NBA Championships, 1 EuroLeague and 1 Olympics Gold Medal. Remember the most Manu Gin√≥bili play of all time.	sports
7zvjbr	Johnny Shuster with the Double to give Team USA 5 points in one round on their way to a historic Curling Gold Medal!	sports
7xum78	This is our best friend Nicholas Dworet, he was a swimmer and a 2020 Swedish Olympic hopeful. He passed at Marjory Stoneman Douglas, please never forget	sports
7yq2vc	Olympic halfpipe in average-skier perspective	sports
9ghy50	TIL about Kayak Polo. This should be an Olympic sport	sports
8xey54	Examples of professional female athletes who started their sport over the age of 20?	sports
6ru80q	We have witnessed greatness, but all good things end. Thank you, Mr. Bolt.	sports
7xl7dz	Olympic skeleton rider Akwasi Frimpong from Ghana has an awesome helmet.	sports
924xrl	British Snowboarder Ellie Soutter dies suddenly at 18, British Olympic commitee confirms	sports
8030bc	Kirill Kaprizov scores the game-winning goal to give the Olympic Athletes From Russia a gold medal victory over Germany, 4-3	sports
7wyani	Mirai Nagasu becomes the first US woman to hit the triple axel in the Olympics!	sports
7z3126	All About Speed Skating (And the Unfortunate Crotches of USA's Skin Suits)	sports
5viq0w	37 years ago today, a bunch of college kids from USA defeated USSR in "Miracle on Ice".	sports
9159sz	Britain's Women win silver in Archery World Cup Final	sports
7ytf45	Two of the most decorated Olympians of all time just skated their last skate. Winning gold. In a sport where you are lucky to have the same partner for 2 Olympics in a row, they have been together since 9 years old. Here is a video to show their journey.	sports
9parwn	Youth Olympic Games: Watch a 'ridiculously good rally' in the beach volleyball - BBC Sport	sports
7zezbk	USA defeats Canada in curling 5-3 to move on to the Gold Medal Game	sports
68estm	When you can't qualify for the finals anymore and decide screw it	sports
7wmxfq	Korean short track relay team falls early in the race, falling half lap behind. Ends up breaking the Olympic record	sports
7hrpkz	I.O.C. Gives Russia Major Punishment for Winter Olympics	sports
7zp2xh	Russian bobsled pilot who wore ‚ÄúI don‚Äôt do doping‚Äù T-shirt fails Olympic doping test	sports
7yp8tl	[Olympics] The only sport you thought was safe.	sports
7zupvn	Ester Ledecka has won Super-G and Parallel Giant Slalom at one Olympic event!	sports
8g1lnk	Professor resigns from IAAF's disciplinary committee over new testosterone rules that target Caster Semenya	sports
67j406	101-year-old Indian woman wins 100 meter dash at World Masters Games in New Zealand as the only competitor in the 100+ age category.	sports
7xeq3k	Japan's Yuto Totsuka, had an absolutely awful crash, bouncing off the lip of the halfpipe and falling facedown 22 feet.	sports
7vs3hb	Paddle-of-War anyone?	sports
8f4m10	Almost 2 years passed since one of the most controversial games in the history of Volleyball and the Olympic Sports as a whole.	sports
7xa7z8	All the Americans who are playing for a different country in the Olympics	sports
7wq5uh	Red Gerard wins gold in the men's slopestyle finals	sports
8tab66	Fencing is my favorite sport, but not too many people watch it outside the Olympics. Here's a GIF of my favorite point!	sports
8v5hkt	Is there a list of every US Olympian (Summer & Winter)to have won medals with the events won and their medal count total?	sports
8sbx7p	What kind of drug testing done in FIFA?	sports
7yt6oi	Tessa Virtue and Scott Moir win Gold!!	sports
60xpbr	Kristi Yamaguchi tells Nancy Kerrigan to "break a leg" on Dancing With the Stars	sports
9ct3ky	China to select Winter Olympics athletes by genetic screening, says Chinese government	sports
9du1k5	2 times Olympic champion and 10 times Cycling-world champion Vogel paralysed after crash in training	sports
7okghw	US figure skater dropped from Olympic team after ripping judges for fourth-place finish	sports
6xzokx	First ever 1440¬∞ front cork	sports
5q3fph	Usain Bolt will have to hand back one of his nine Olympic golds as a team-mate tests positive for a banned substance	sports
7ylfsh	Elizabeth Swaney gamed her way into the Olympics and delivered an embarrassingly simple half-pipe performance that earned her last place	sports
9iam4n	Mens Volleyball - Brazil vs East Germany (1972 Summer Olympics in Munich) (Nice shorts)	sports
7xqqvm	For which sports is the Olympics not the pinnacle of that sport?	sports
7zn4np	Winter Olympics: Second Russian athlete tests positive for doping	sports
9hh23d	The 2020 U.S. Olympic surf team will train in Waco, TX	sports
7z981e	Who Is The GOAT Of Each Sport?	sports
7xo4wy	Australia wins their first ever Winter Olympic Gold Medal in 2002 in dramatic fashion	sports
7uhd2d	28 Russian athletes Olympic doping bans overturned, throwing the International Olympic Committee's policy on Russian doping into turmoil	sports
83p0i9	Rugby Sevens: New Zealand knocked out by USA at Vancouver Sevens	sports
7xcmx6	American Emily Sweeney has a scary luge wreck, but was still able to walk away under her own power	sports
7zlnbj	Alina Zagitova edges past Evgenia Medvedeva to win gold, Canadian Kaetlyn Osmond takes bronze	sports
7xvo9y	17-year-old American Vincent Zhou lands the first ever quad lutz in Winter Olympics history	sports
8zk7ea	Insane finish at La Course (Women's alternative Tour de France)! With Annemieke van Vleuten (who crashed in winning position at the Olympics) closing in on Anna van der Breggen (who won said Olympics race).	sports
7y4qbp	Japan's Yuzuru Hanyu wins gold with a stunning free skate performance	sports
7wt1fh	Winter Olympics Race Decided by 2 Centimeters	sports
7z3ael	Czech defeats USA in Penalty Shootout to advance to the Men's Hockey Semifinals	sports
7ysb1e	Is there is sport men and women are completely equal? Like is there an Olympic event that could be gender neutral?	sports
5ue5ap	15 Years Ago Today - Australia's Greatest Moment in Olympic History	sports
7zvex6	Norway has just secured their 38th medal in Pyeongchang, making it the most medals won by one nation in a winter olympics ever!	sports
7r0wb2	Koreas to carry single Olympic flag	sports
7zwcer	Russian bobsledder Nadezhda Sergeeva had tested positive for meldonium and disqualified from Pyeongchang 2018.	sports
7zfc6e	Winter Olympics: Russia curler Alexander Krushelnitsky stripped of bronze medal for doping	sports
4y06lg	World Champion Irish boxer Michael Conlan shows judges the finger after controversial loss to Russian	sports
7yf2hr	Russian medalist at Games suspected of doping: source	sports
4ydcuk	UPDATE: Ryan Lochte's teammates told police that robbery story had been fabricated by Lochte.	sports
7xofyb	Mikaela Shiffrin wins gold in Women's Giant Slalom	sports
7xi4ng	Shaun White interview after his first Olympic gold in 2006	sports
7tpuuk	When you think of iconic sports photos, what comes to mind?	sports
7z4mbw	Gold to the US, Jessica Diggins and Kikkan Randall, congrats!	sports
83jall	Alexandra Trusova makes history landing a quad salchow and quad toe loop in the same program	sports
4xqz7j	Usain Bolt's face right before he finishes the 100 meter sprint in the semi-finals in Rio	sports
809382	US Olympian rips Ivanka Trump: Everybody has 'worked so hard to make it' to the games except for her	sports
9dyzvy	Average points by event scored in the decathlon, from 2000 to 2017 Olympic and World Championships	sports
7tsk5i	Russia Is Banned From Paralympics, Again, for Doping	sports
92ug0n	Cross country skiing World Champion and Olympic gold medalist Vibeke Skofterud dead at 38 from jet ski accident. (Link in Norwegian)	sports
7uzt9b	So Kenya has an ice hockey team and they want in on the 2022 Olympics. ‚ÄúFeel the rhythm, feel the rhyme, get on up, Kenya hockey time‚Äù	sports
7wigfo	The Olympics, Winter or not, are the Most Beautiful Sports Events.	sports
7wxhgg	Everyone is hating on NBC's Olympics coverage, but Mike Tirico is a gem	sports
7yexna	Russian Olympic curler involved in doping case: sources	sports
4zgdgx	Katie Ledecky had Bryce Harper hold all of her medals while she threw out the first pitch	sports
5sq0ip	Rio de Janeiro Olympics pool, just six months after the 2016 games.	sports
7wbhsy	Fed Up With NBC Coverage of Olympics	sports
8wkild	Nigerian Olympic Heavyweight Boxer Efe Ajagba Showcases His Power	sports
4vw5ir	No Dorms For U.S. Basketball Teams; They'll Stay On A Cruise Ship In Rio	sports
7wmw4g	At the 2008 Turin Olympics, American snowboarder Lindsey Jacobellis loses a gold medal due to showboating on the final jump	sports
4yvyk1	Mongolian coaches disagreed with the decision. Proceeded to strip and throw their clothes at the judges.	sports
4yq7w4	Bolt having a serious moment pre-race	sports
522psy	Paralympics should be held before, not after the Olympics	sports
7ihqrz	If you had to pick a single incident to use as the definition of poor sportsmanship, which incident would you pick?	sports
4wdir4	NBC is ruining these olympics so far with all these commercials	sports
4xatbk	Fiji have won their first Olympic medal ever, Gold in men's Rugby 7s. Here they are post-match.	sports
7rk5wt	Michael Phelps: 'I am extremely thankful that I did not take my life'	sports
7xzji2	Olympic Skeleton Helmets! (More in comments)	sports
7y8fle	Olympics Game 2018, OAR (RUSSIA) vs USA, Highlights Hockey...	sports
4x6mwe	A swimmer worships Phelps when he walks in	sports
94khww	1936 Olympics: Italian soccer players attack ref for trying to toss one of their players from the game, nothing happens! Far right column of this newspaper clipping.	sports
97pb4j	Beijing 2008: A look at the Olympic venues a decade on	sports
7kk389	Greatest moment in Australian Winter Olympics history - beautifully executed plan.	sports
7xohzy	Ayumu Hirano (left) with Shaun White.	sports
7mgn7y	'I am ready to stand for my principles': Double world chess champion says she won't defend titles in Saudi Arabia because of kingdom's inequality	sports
7wbzdb	What is your favorite olympics events?	sports
7zcb7y	Which Olympic event surprised you with how interesting it was this year?	sports
8oxm06	GGG-Canelo rematch a no-go, says De La Hoya	sports
83bcbu	Posting in hopes that the PyeongChang 2018 Paralympics (which starts tonight!) has a bigger audience this year than ever. <3	sports
7zm3sx	After being left for dead, U.S. men find themselves in curling final	sports
4qjlq5	Michael Phelps makes history as first U.S. men's swimmer to qualify for five Olympics	sports
4zk2pe	Olympian sells medal to fund child's cancer treatment.	sports
55l6zz	Rickie Fowler getting no love at the Ryder Cup (GOLF)	sports
4vqtwc	1.7 m high hurdles, he is 1.81 m	sports
7wky8n	This heat of Olympic Speed Skating today was eventful	sports
7ye9ol	The U.S. Is On Pace For A Lousy Olympics	sports
4wzr1u	Michael Phelps wins Gold in 200m Fly	sports
4q1no7	Lionel Messi says he's retiring from the Argentina national team	sports
4wzvp5	10 years ago: A 9-year-old named Katie Ledecky gets an autograph from Michael Phelps. They both won gold medals today	sports
7y5ru2	Czech snowboarder Ester Ledeck√° surprisingly won Super-G slalom leaving everyone, including herself, in shock.	sports
8b7e92	Marcus Mariotta threw passes to Special Olympics kids. He stayed on the field until EVERY child caught a pass.	sports
7xfgsb	The CBC Olympic coverage of the figure skating has been phenomenal. They are mostly quiet during the routines, and don't overtalk.	sports
5riz3c	Awesome move on a penalty by French legend Handball player Greg Anquetil	sports
803yb2	A Canadian athlete, his wife and manager have been charged with stealing a car at the Winter Olympics, South Korean police have said.	sports
7xzup0	Cross-country skier from Mexico gets hero‚Äôs welcome after finishing last	sports
81wmxw	Why (almost) no one wants to host the Olympics anymore	sports
4wqlev	2012 Gold Medal winner Gabby Douglas just finished 3rd in the World in the All Around Prelims. But can't compete in the Finals because #1 and #2 were also American.	sports
8qex93	Olympic skier Bode Miller‚Äôs 19-month-old daughter dies after pool drowning accident	sports
7ytbfr	Gold (CAN), Silver (FRA) and 4th place (USA) in Figure Skating "Ice Dance" have the same coaches team!	sports
4qvtre	Usain Bolt withdraws from Jamaican Olympic Trials with torn hamstring	sports
97iq4v	Beijing's eerie abandoned Olympic venues	sports
80a78h	What Happened to Olympic Video Games ?	sports
8njyax	CAS ruling in Olympic doping case takes Usain Bolt's 9th medal	sports
4tf6jn	Russia operated a state-sponsored doping programme at the Sochi Winter Olympics in 2014, claims a new report. The country's ministry of sport "directed, controlled and oversaw" the manipulation of urine samples provided by Russian athletes, an investigation has found.	sports
6d9axp	Winning the round without even touching him	sports
504yyf	Fiji sevens coach Ben Ryan gifted land and chief's name after Rio Olympics gold	sports
565035	All 36 Olympic boxing referees and judges stood down by AIBA	sports
7rfowb	Shaun White scores perfect 100 in US Grand Prix. Qualifies again for the Winter Olympics.	sports
7wyjqd	The Latest: USA's Anderson takes gold in women's slopestyle	sports
4ud74z	Rio Olympics 2016: Russia not given blanket ban by IOC	sports
7pyr1t	how many individual athletes have dominated their sport for a decade?	sports
6thczf	16 medals. 11 gold. Thank you and Goodbye, Queen Allyson.	sports
7yuxqw	Speed skater Elise Christie disqualified at Pyeongchang Olympics	sports
8038ws	Norway wins the medal standings in winter olympics 2018	sports
4uhswc	Libya's only female Olympic swimmer, crowdfunded her way to Rio	sports
4wg0i3	USA's Ginny Thrasher wins gold in Women's 10m Air Rifle	sports
8zy6mv	Ski Big Air, Women‚Äôs Monobob, four mixed events added to Beijing 2022 Winter Olympics	sports
7itcr4	[Boxing] 2 times Olympic gold medalst makes another 2 times Olympic gold medalist look like an amateur.	sports
4y5uv9	Can you beat Nikatin? Funny game by RTE.	sports
5sa72e	4'8" Olympic gymnast Simone Biles standing next to 7'1" Shaq üò≥	sports
7ysix4	Curious uniform design for US Olympic speedskate.	sports
7z8un0	Hear the call as US win their first ever Olympic gold in cross-country skiing	sports
7w87lm	In honour of tomorrow's opening ceremony: The lightning of the Olympic Cauldron (1948-2016) [OC]	sports
8kugnh	Nadia Comaneci's performance on the uneven bars at the 1976 olympics is perfect	sports
6g92je	IOC has added 3-on-3 basketball as an Olympic event for the 2020 Tokyo Games.	sports
6zwb3v	Rob Harris on Twitter: "OFFICIAL NOW: Paris awarded 2024 Olympics LA awarded 2028 Olympics"	sports
7zohe5	Emotional German Announcers are back as Germany shock Canada and advance to Olympics Final	sports
4ymleg	Usain Bolt completes the triple triple and wins gold in the 4x100m relay	sports
724xq0	Roger Federer on Twitter: "I could get used to playing on the same side of the net as @RafaelNadal"	sports
80zs3p	N.Korean ice hockey athletes' farewell message to S.Korean teammate after the Olympics are over	sports
74p3y2	Why isn't the Russian state-sponsored doping scandal that's talked about in-depth in the documentary Icarus a much bigger deal right now???	sports
7zurtt	Ester Ledeck√° has become first woman in Olympic games history to win 2 gold medals in 2 different sports in 1 Olympic games.	sports
82gc7g	The US Time magazine left Canada out of their Olympic standings column so it would look like the US got third	sports
4y4ehy	French pole vaulter Renaud Lavillenie breaks down in tears as Brazilian home crowd boos at him on the podium	sports
7va4ai	Massive Suspicion of Doping in Cross Country Skiing - Nearly Half of all medal winners at the Olympics and World Championships between 2001-2017 had suspicious blood readings	sports
7w9q6v	Figure skating jumps, explained	sports
7vy6vd	Record amount of condoms -- nearly 40 per person -- distributed to athletes at Winter Olympics	sports
78r3qi	Vasyl Lomachenko making pros look like amateurs	sports
4vcl66	Introducing the Women's Olympic Gymnastics Team 2016 - Rio	sports
56tge7	President Obama ends Olympic ‚Äòvictory tax‚Äô. The IRS will now be prohibited from taxing most medals or other prizes awarded to U.S. Olympians.	sports
60hctx	Tough But Fair: Coach K Suspends Grayson Allen For Rest Of Tourney	sports
8q0q5d	Swiss voters seen rejecting funding bid for 2026 Winter Olympics	sports
8057u6	All-time medal table, the best 12 countries in the combined, Summer and Winter Olympics Games (updated to PyeongChang 2018)	sports
4xw2t3	Russia's Stepanova who exposed a system of state-backed doping in her country's Olympic department: "No accident if something happens to me"	sports
4z6ijv	The 2016 Women's Olympics 100m dash Gold (10.71), Silver (10.83), and Bronze (10.86) medal times would rank 366th, 809th, and 974th amongst high school boys fastest times in the US for 2016.	sports
7tus0t	Reuters denied access to PyeongChang opening ceremony due to unapproved coverage	sports
7x8gm0	Slovenian snowboarder Tit Stante shows love for Meek Mill at the winter Olympics	sports
875h05	17 year old Jamaican runs an unbelievable 13.10 in the 110M Hurdles. The 110m Hurdles Gold at the 2016 Rio Olympics was won in 13.05s	sports
69mhm7	What is your all-time favorite sports moment?	sports
42fz46	Taxpayers Left High and Dry After Rams Move to Los Angeles: "The problem is that Missouri taxpayers aren‚Äôt off the hook because they will be paying $12 million until 2022 on the Edward Jones Dome."	sports
52k3jy	Four runners in the 1500m Paralympic Final ran faster than the Gold medal winner of the Rio Olympics.	sports
7xrb4f	On her 5th Olympic games Aljona Savchenko (with Massot) finally wins Gold in pairs figure skating	sports
4yrsky	Brazil wins Gold vs Germany in 1-1 Olympic final game after shoot-out	sports
4xlgau	Puerto Rico just won its first ever Olympic Gold medal, by 22yo Monica Puig in the Ladies Tennis Singles final. She beat Angelique Kerber of Germany (2016 Australian Open Champion). She (Puig) is unseeded in the tournament while Kerber is No.2 seed and ranked No.2 in the world	sports
7bevyb	The world lost one its most humble champions, Smokin' Joe Frazier, 6 years ago.	sports
6w7xje	USA mens wrestling team wins first team title since 1995.	sports
6x27iv	Why does the US not have a path to persue sports that isn't interlaced with college...	sports
4xw79d	Egyptian Olympian who wouldn't shake hands sent home	sports
7pqcs7	A year ago today, hockey player Wojtek Wolski was lying in a hospital bed with a broken neck. Today, he was selected to play on Team Canada in the Winter Olympics	sports
4xbiwc	Michael Phelps, with 13 individual olympic titles, has just surpassed Leonidas of Rhodes for most decorated single olympian of all time. The record stood for 2,168 years.	sports
4veivz	Rio 2016 Olympic Facilities	sports
68yzf5	Who's the greatest player to ever grace your favourite sport?	sports
