7k6zaz	Weightlifter promised his wife to win an Olympic gold medal before she died in a car accident	sports
7ttqeu	A Pelicans fan snuck on to the court for warmups, stretched and put up a shot before the police escorted him off	sports
80xq68	"Just stay in there, you're done for tonight"	sports
6vqj3t	The Monterrey Stadium. Mexico.	sports
7rj9mv	Dwyane Wade was very pleased with this no-look pass from LeBron	sports
7sgrbd	Synced videos of the Eagles fan running into the pillar	sports
84r86t	Boxing referee Steve Willis really loves his job	sports
7z0yxs	North Korean speed skater tries to trip Japanese opponent	sports
7caeqf	Celebration after $75,000 half court shot	sports
731bax	Yankees players hold a mock press conference after a home run	sports
8v2j96	amazing technique for this France goal	sports
81aysv	Lebron James gives a behind the back pass to himself, through his teammate‚Äôs legs.	sports
8cfe97	Fan throws John Cena‚Äôs shirt back to him	sports
79hgf8	Friend who lost his leg to cancer got creative for Halloween	sports
6mpaxx	Concession prices at the Atlanta Falcons' new stadium	sports
6xnixl	Recreating Space Jam in his frontyard	sports
8wdc7r	Watching the World Cup penalty shootout between England and Colombia without disturbing anybody is about as polite and English as it gets	sports
7ivi21	Buffalo Bills take the field in blizzard conditions	sports
7kffx2	Some golfers are braver than others	sports
8z31w0	France may have won the world cup, but Croatia won our hearts. Congratulations to the silver!	sports
8yeqoc	Don‚Äôt be like Nikola Kalinic	sports
8yt5in	Even Wimbledon players are mocking Neymar	sports
99sqtb	Principal drained a full-court shot with the entire student body watching	sports
9v3ae8	Little kid outplays Rodger Federer with a perfect lob shot	sports
8udhwb	Mexican fans went to the Korean embassy and made the ambassador come out and drink tequila	sports
6ryan4	The fastest 100m times ever. Names crossed over were using doping.	sports
7agbai	This is why the World Series was so big to Houston	sports
98gz9k	Sister Mary Jo blesses the first pitch in style	sports
7wr3nv	Lightning Goaltender Andrei Vasilevskiy looks between his opponent's legs to locate puck and make behind the back glove save	sports
7ycox8	Larry Nance Jr. recreates his father's dunk from 1984	sports
6wiupk	"Think you might need this back"	sports
7xrgyt	Aaron Feis, an assistant football coach at Marjory Stoneman Douglas High School, died a hero yesterday as he saved countless students by shielding them from the shooter.	sports
65q3lx	Good Sportsmanship	sports
9e5ea1	Red Sox fan gives a foul ball to a young Yankees fan	sports
66j4h9	Mascot Protects Kid From Foul Ball	sports
7f9hlo	Kid nails impression	sports
80di5z	Good Sportsmanship	sports
7olmp5	Cleveland Browns fans hold parade after historic 0-16 season	sports
8i77er	Oakland A‚Äôs player holds back tears as he is given standing ovation when stepping up to bat for the first time since his mother passed away at age 55 from Lou Gehrig‚Äôs disease	sports
944hid	I caught a ball.	sports
7qg5s2	The Vikings score on a last second touchdown to advance to the NFC Championship	sports
7n1zvn	NFL punter Jon Ryan had a special message for his Kicker when he left for another team	sports
6o111b	Team pulls off a beautiful goal despite terrible pitch conditions	sports
7n9eu4	Ronaldinho gets the wrong card	sports
81g5s8	Sisters at the Phillies game	sports
8w2zd6	Gareth Southgate consoling the Columbian player that missed a penalty 22 years after it happened to him.	sports
8sk7ag	World Cup ending injury for Portugals Pepe	sports
7arr2o	Watching people return this dropped hat at the Houston Astros parade was unreasonably thrilling	sports
7pfvwm	Red card anyone?	sports
7fofoh	Pump track	sports
926z5p	A fan for life.	sports
6pf2xm	25 years from the most memorable Olympic Cauldron lighting - Barcelona '92	sports
9rdxen	"That" selfie	sports
8gqxxu	Playing football in bird's eyes view with VR glasses	sports
6uq3gl	Byron Buxton circles the bases in under 14 seconds for an inside-the-park home run	sports
7rcmfv	Why it's hard for DBs to cover Gronk, in one unintentionally illustrative gif	sports
6p1i23	Standard Russian penalty shot	sports
7x68xs	Chloe Kim land back-to-back 1080s for the first time in Olympic history to win Gold in the Women's Halfpipe with a 98.25	sports
9jnxvt	Steve-O, Now 10 Years Sober, Just Crushed His First Triathlon	sports
9qqm8r	Feeling a rookies's heartbeat before his debut	sports
7cyb0c	Foot sweep and knee	sports
7p0qol	Fan wearing a Gilbert jersey gets surprised by Rod Gilbert	sports
5iwpml	The Japanese Sport of "Boutaoshi" meaning "Bring the pole down"	sports
8tclzj	Germany‚Äòs last minute goal against Sweden	sports
77eqqb	Phoenix Suns start to run down the court in perfect sync	sports
854ft2	Just relax	sports
7l11xm	Devastating knockout	sports
5sf70n	The best part of the Superbowl	sports
7iax90	College game that got canceled due to lightning was settled the old-fashioned way	sports
841cfp	Lebron James pump fake and assist	sports
6cusoc	"I'm sick of sports commentators..."	sports
7jxacd	Atlanta Hawks fan hits half-court shot to win $10,000	sports
6gcx81	Michael Jordan's pre-game tradition	sports
68baf5	Amazing Soccer Pitch in Lofoten Islands, Norway	sports
9hltmg	The Cleveland Browns have won their first game since December 24th, 2016	sports
5zz16t	"You can't watch March madness in class"	sports
82hjrv	The Cincinnati Bearcats Baseball team has mastered the art of the post game interview troll	sports
8986rt	Getting on the green with style	sports
68estm	When you can't qualify for the finals anymore and decide screw it	sports
8uj9jk	Swedish captain asking how Germany‚Äôs game went	sports
6lee76	Lacrosse Goalie Scores	sports
6fd8sj	Partially blind fan offers official his cane	sports
82tv45	Perfect tennis slice	sports
86xmbk	Kurtis Downs lands an amazing trick at the Nitro World Games	sports
97jkm2	Failed Attempt by a Security Guard to Stop a Fan During an Atlanta Braves Live Post-Game Show Yesterday	sports
817elz	Jacksonville State's Norbertas Giga, who came to the US from Lithuania to pursue a basketball career, sees his mom for the first time in 5 years	sports
7ayo4f	Classy move by Dodgers to take full page ad in Houston Chronicle commemorative section celebrating first Astros World Series championship.	sports
94a5lz	Scoring and celebrating in the same motion	sports
7qpdd4	Hockey Training for 9 Year Olds in Russia	sports
6fqk6m	Now these are Cav's fans	sports
6o8uxg	Competitive Tag	sports
7dfaxk	I coach youth sports. This 9 year old gets it.	sports
8qntul	The Washington Capitals are having their Stanley Cup parade today but they also took out a full page ad in the Las Vegas Review-Journal to congratulate the Vegas Golden Knights "on the most successful inaugural season in the history of professional sports."	sports
36voua	Coke's slogan is "Share Happiness". So I made an ad to remind them of the kind of happiness they're sharing in Qatar.	sports
8qs4kf	NFL kicker Graham Gano played kickball with his kids	sports
7gmjj1	A close call at 1st base	sports
9s377y	Pittsburgh Steelers tribute to the victims of yesterday's synagogue shooting	sports
89rb4u	Exit Sign leaving Angel Stadium.	sports
9fpwgu	He's cooler than the other side of the pillow...	sports
9exvr3	Andrea Iannone headbutts seagull at MotoGP Australia	sports
8q11ca	Alex Ovechkin was holding the Stanley Cup up in the middle of the inning at the Nationals game yesterday. They didn‚Äôt put him on the Jumbotron because the ball was still in play.	sports
98u75b	Some guys built their own stands at the Little League World Series	sports
6i93pp	Surya Bonaly performs her signature move, a backflip landed on one skate, after losing her shot at a medal in the '98 Nagano Olympics. The move is illegal in figure skating due to its danger.	sports
84dsk3	LeBron gives his wristband to a young fan holding "You are more than an athlete" sign	sports
93x0yr	Speed difference between GT and F1 cars.	sports
6q3m81	The most important stat...	sports
95b76h	Jets ask little boy who recently beat cancer to stop by for practice...and he scored!	sports
8zoqa6	Phil Mickelson's trickshot over a man	sports
9cor8s	Nike‚Äôs 30th anniversary of the Just Do It campaign	sports
69ttrm	"Foooooooorce!"	sports
82xjal	Hafthor Bjornsson "The Mountain" sets dead lift world record	sports
8f8w0o	Pittsburgh Steelers' Ryan Shazier, who suffered a serious spinal injury in December, walks on stage to announce team's 1st round draft pick	sports
6ku3vp	Enjoying Some Ice Cream At The Ballpark	sports
6m7xf0	Batter hits baseball back into pitching machine	sports
70qqtu	Boise State has a dog who retrieves the tee after Kickoffs	sports
73mho7	In an empty stadium which normally holds 99,000+, FC Barcelona plays behind closed doors as riots and protests continue in the city	sports
8rc78c	He died in 2015, Cancer...	sports
9pwj8s	Old Teammates Jonas Jerebko and Donovan Mitchell Showing Some Mutual Respect	sports
7imh8d	Soccer player gets bamboozled by little kid during pre-match walk out	sports
7cf86u	German supermarket has a genius in charge of beer promotions	sports
88in8c	36-Year-Old Accountant Called In As Emergency NHL Goalie ‚Äî And He Crushed It	sports
8n5p6n	Fan let baseball player borrow his sunglasses and was rewarded afterwards with a game ball	sports
84lefk	For us to be Successful we go through difficult things or challenges	sports
8335mp	Baseball fan army crawls back to seat so as to not obstruct the view of his fellow humans	sports
9jyg5l	Pirates fan gives his foul ball to a little girl nearby	sports
94tgon	Goalkeeper Training	sports
7x00qk	Curling 360 no scope	sports
92ep6t	A fan gave Cam Newton a big box of Bojangles fried chicken	sports
9cjoyy	2018 World‚Äôs strongest man	sports
8t994k	This little guy at the Reds game wouldn‚Äôt throw out the first pitch until he was on the mound	sports
8jxzo9	Marcelo Vieira's 8 yr old son practicing headers with his dad's team, Real Madrid	sports
5idu96	Afghan kid meets his hero! And doesn't want to leave his side.	sports
7wb2ol	Johnny Weir and Tara Lipinski look like they‚Äôre announcers for Hunger Games	sports
6dh0x3	Goal in Scott Sterling's style.	sports
89yrbz	Mascot gets way too close to the security guard	sports
6xwbgq	Ryan Williams lands a 1080 front flip (world first)	sports
90laei	Amazing snag at the St. Paul Saints game	sports
6nsma6	Women's Water Polo - Hungary - Japan	sports
9fauos	Naomi Osaka is reportedly set to sign Adidas' biggest deal with a female athlete ‚Äî and it could make her one of the highest-paid women in sports	sports
86cef4	Paulinho Boracini scores a 3 pointer after a pass to himself on a free throw to win the game.	sports
7muxpg	Zlatan Ibrahimoviƒá dismantles defense	sports
8wrxgl	This is Beckham	sports
6ce7qv	Playing Catch during a rain delay	sports
8a34lf	Bald eagle at the Twins home opener lands on Mariners starting pitcher James Paxtons shoulder	sports
6dz5w5	How the hell do you jump out of a pool..	sports
7k02vz	Devontae Booker hurdles defender	sports
7ghans	Wayne Rooney scores from his own half	sports
6ndiev	Pittsburgh Fan Catches St. Louis Home Run, Promptly Throws It In The River	sports
73zhvp	Dick Fosbury changes the High Jump forever with the Fosbury Flop at Mexico 1968 Olympics	sports
80pqgp	Young fan gets a high-five from Steph Curry	sports
6udy6p	Professional Ultimate Frisbee	sports
9bljjm	Super intense tic-tac-toe game at the schoolyard	sports
8wn4zk	World Cup: Belgium eliminates Brazil	sports
9i1gir	High Quality play in the Saudi Arabian League	sports
76xsjc	Dad marking out on a small football pitch with his blind son's hands what's going on down on the actual pitch.	sports
8rk3k2	Iceland has just won a point in their first World Cup game ever!	sports
7znps9	13 year old girl gets a hole in one after being promised she'd get a puppy if she did it	sports
8203zm	Shaquem Griffin, a linebacker who only has one hand, wasn't invited to the NFL combine and had to petition in order to participate in it, runs a 4.38 40-yard dash. It's the fastest by a linebacker since the combine began being televised in 2003.	sports
753gc0	Eagles celebrate touchdown with a home run	sports
7v2g9r	Special needs high school basketball player drains her first career shot	sports
8p66z4	LeBron James throws it off the backboard to himself and slams it home.	sports
93i5c9	Colts invite girl who survived getting shot 7 times during a school shooting to break down their team huddle	sports
9tohh5	Supermoto racer Arttu Stenberg showing off his skills	sports
7tcqi8	Freshman Blake Peters from Evanston High School (IL) attempts full-court game winner.	sports
967y3k	Watching Tiger Woods tee off, 2002 vs. 2018	sports
8hfj96	Ichiro goes Full Ninja to score a run	sports
9c74t8	To honor fallen teammate Jordan McNair, Maryland took the field with only 10 players leaving the guard position empty and took a delay of game penalty. Texas declined the penalty.	sports
8llthy	Soccer player Andres Iniesta played his last game with Barcelona after 20 years at the club. He stayed on the field until 1 a.m. after the game.	sports
7gzaww	Catch of the year...	sports
8obpop	General Motors head of product development wrecks the pace car at Detroit Grand Prix	sports
7v7hh4	Insane body control by Angel Rice	sports
57hmw4	19 Year old Rookie Makes NHL Look Like a Beer League	sports
6kzxf9	Jeremy Evans dunks over a painting of himself dunking	sports
7jbq8z	Kevin Durant gives his shoes to a young fan	sports
7q5a7b	The best part of the Superbowl	sports
9ccynu	Arizona State's N'Keal Harry beats the entire defense to score a TD	sports
8xd802	Travis Pastrana honors Evel Knievel by jumping 52 cars (143 feet) at Caesars Palace	sports
8umij2	Belgium celebrating a goal	sports
8oi15r	Eric Young Jr back-peddles to home plate to avoid getting touched out	sports
82c8fo	Coach can barely keep it together due to his player‚Äôs realness. Sometimes you don‚Äôt know your impact on another until it hits you!	sports
7dzzxs	Bike football	sports
9ozzcp	Celtics Fan from my school	sports
75h5rd	This 2-point conversion should count for at least 4 points	sports
83vkf4	Professional Tag Game at the World Chase Tag Championships	sports
8cmfte	Brett Connoly wants to get a Puck to an young girl.	sports
7vtolt	Pittsburgh Steelers LB Ryan Shazier, who suffered a spine injury 2 months ago, stands up at Penguins game	sports
6zh0xj	Oakland Raiders practice squad kicker Giorgio Tavecchio had been trying to make a team since 2012 finally got called up to play yesterday. He went 4-4 on field goals including two from 52 yards out and got the game ball.	sports
5stnaz	Hopkins lacrosse executes a perfect "hidden ball trick" to score against Navy.	sports
865yxs	Getting in the opponents head	sports
9mr3fb	One could say UofA security isn‚Äôt the best	sports
8ji5sz	This Rockets fan	sports
885znk	Eduardo Nunez hits an inside the park home run for the Red Sox in under 16 seconds	sports
95fv5d	Over 36 years ago today, Luke Appling hit a homerun at 75-years-old during an Old-Timer Game	sports
839937	Greg Popovich conducts a vote on whether to let Patty Mills keep playing while in foul trouble.	sports
5r1j59	This is how you start a fight	sports
902cp4	Every survivor of Larry Nassar's abuse standing on stage during the ESPYs	sports
9inlgv	Vance MacDonald with one of my favorite stiff arms I‚Äôve seen in a long time.	sports
74917d	True Sportmanship	sports
9ppwhv	Muhammad Ali Dodges 21 Punches In 10 Seconds	sports
86nxre	The #1 Bracket on ESPN ‚ÄúI just guessed‚Äù.	sports
7t40pj	Football commentators are crazy!	sports
6d81eb	I mean, you could've just asked for it...	sports
72cju1	Von Miller flagged for unsportsmanlike conduct.	sports
8cklmx	A young Colorado Rockies fan caught a Washington home run, and a young Washington Nationals fan caught a Colorado home run. So they swapped souvenirs.	sports
8ua2lg	NY Yankees Aaron Judge plays catch with a young fan in between innings.	sports
9nj4zk	Usain Bolt scores his first professional goal for the Central Coast Mariners	sports
6i336m	91 Year Old Gymnast's Routine	sports
5ctbei	Japanese baseball superstar Shohei Otani crushes a fly ball through a 2 foot gap in the roof	sports
9od7un	The curve on that shot!	sports
7yr3g0	Wholesome figure skating moment by Yuzuru Hanyu	sports
5viq0w	37 years ago today, a bunch of college kids from USA defeated USSR in "Miracle on Ice".	sports
7gad64	Never forget that 2001 MLB game where Randy Johnson killed a bird	sports
6qh83a	Fan with poster gets her wish	sports
73h5c5	Old school	sports
9nu7gd	Water jousting	sports
9p92bi	MMA Fighter perfectly times opponents spinning attack with a spinning elbow of his own	sports
7pv78z	Bend it like Adriana Leon	sports
6bve1m	Pablo Cuevas' no-look behind the back Tennis winner	sports
66py5j	Shaun Murphy snooker trick shot	sports
65ju56	Tying Shoes Penalty Kick	sports
9kge3w	Amazing throw in Ultimate Frisbee game	sports
7f1b1a	College basketball player gets injured, but still scores	sports
9aql34	Young fan made the most of his ceremonial kick-off in Marseille.	sports
66vh7r	Calculated Drift	sports
62zf9e	Crossing a Triple Jump lane during a competition	sports
7hx1n0	Steph Curry inspires a new generation	sports
8mhrsh	Hopkins lacrosse executes a perfect "hidden ball trick" to score against Navy.	sports
8q8st6	LeBron's dance at the playoffs finals.	sports
6duav5	Perfect turns by F1 Driver Kimi Raikkonen	sports
7uurza	Paul Hunt's entertaining gymnastics routine	sports
7cqju6	Italy has failed to qualify for the FIFA World Cup for the first time since 1958.	sports
7i6nzb	Steph Curry desperately trying to get open	sports
94k2dy	Eight months after suffering a spinal injury during a game, Steelers LB Ryan Shazier is walking on his own	sports
8ekwvh	F1 driver Riccardo Patrese takes his wife for a drive on the track	sports
9myeqk	Zverev scares ball boy	sports
71it9g	Deontay Wilder extends his jab, then strips Kelvin Price's guard to land his KO right	sports
8cvnaa	F1 pit stops are so fast these days.	sports
5rf2oi	The Chosen One	sports
75c4tf	Iceland, a country with the population of 330.000, just qualified for the World cup!	sports
6lvi6a	Soccer On Ice	sports
878np4	Ronnie O'Sullivan with impossibly precise spin to get back onto the red	sports
7xum78	This is our best friend Nicholas Dworet, he was a swimmer and a 2020 Swedish Olympic hopeful. He passed at Marjory Stoneman Douglas, please never forget	sports
6v7due	Wayne Rooney celebrates scoring against Manchester City, 4 years apart.	sports
8ksqzi	Incredible save during this weekend's MotoGP 3	sports
62fc9g	Dancer at a basketball game makes a half court shot by lobbing it backwards	sports
6rc1as	Michael Jordan's competitiveness never ends	sports
8m7bv5	Ryan Williams Lands BMX 1080 Front Flip at Nitro World Games	sports
68nemu	Watch out Curry.	sports
8bqmjn	Turning one point into three	sports
695smf	Feeling a rookies's heartbeat before his debut	sports
907b0k	Today would‚Äôve been legendary SportsCenter host Stuart Scott‚Äôs 53rd birthday. Cooler than the other side of the pillow, happy birthday Stuart.	sports
9ojlye	LSU's Breiden Fehoko doing a traditional Haka war dance with his father and brother before the Georgia game this Saturday	sports
7xhw8z	Norwegian curling team's Valentine's Day pants.	sports
89ne4c	Japanese rookie Shohei Ohtani hits first major league home run.	sports
81uele	Adam Hadwin reads the green	sports
7594v4	Soccer player gets a lucky break and has a decent chance to score...	sports
6z9m68	J.J. Watt takes the field in Houston for the first time since Hurricane Harvey	sports
7c0vfx	"Give him a yellow card."	sports
7ir293	Army went with all white uniforms for their game with Navy. They became perfect snow camouflage.	sports
9a87kh	Dirk Nowitzki showing his soccer skills	sports
8z5eeb	Did this woman, standing next to Putin, steal a gold medal from the World Cup?!	sports
7kks9f	Amazing full-court buzzer beater	sports
6a2pui	In case anyone wanted the Pittsburg Penguins wifi info	sports
7hcgju	Peters throws flag into stands	sports
6jkxy6	Regular people attempting to jump as high as Cristiano Ronaldo	sports
6llm6t	Michael Jordan shatters the backboard with a dunk	sports
7yj7rr	German Bobsled Team Crashes Into 1st Place	sports
8z9wup	Mbappe High fiving the intruder during FIFA final	sports
8jbo1l	Catcher Joe Mauer fakes a throw to first base before racing to home plate to tag out Brett Gardner	sports
5lnna2	The body of an elite NFL athlete	sports
702ye8	Prolific scorer, Leo Messi, had been unable to get a goal past legendary keeper Gianluigi Buffon, until finally this past Tuesday. Here they are after the match.	sports
65g5dr	Rally car driver shows off some skill	sports
8tqt2g	Deaf and blind Brazil fan experiences the World Cup	sports
7o7qtv	Former Australian Prime Minister Bob Hawke skulling a beer on live TV at the cricket	sports
5yn01e	How to stop Messi.	sports
7est42	You think paying to watch out of market games are bad? Wait til you have to pay for that plus in market games. JOIN THE FIGHT.	sports
8ixme1	Snake on the field watches baseball game	sports
8ec7xz	Joe Mauer using his spidey senses to catch a ball	sports
5jqjd8	The greatest game ending touchdown ever.	sports
8at0bl	Humboldt Broncos defenceman Logan Boulet has been taken off life support. His organs will be donated and he will help save the lives of six others. R.I.P. Logan	sports
69l372	No-Look Knockout	sports
9gcj9c	Titans fake punt goes for a 66-yard TD.	sports
59caq5	This man attended game 7 of the 1945 World Series, seated behind home plate, please help him find a photo of him at the game.	sports
6vx6lp	Dont forget japan	sports
5n6rlk	Asking for a booking	sports
6uhzut	Kicker wins full scholarship after he makes 53-yard field goal	sports
5fgolj	This guy at the eagles - packers game.	sports
7xz39n	Akwasi Frimpong, Ghana's First Skeleton Athlete, Enjoying PyeongChang	sports
5gtdvn	Setting up for a penalty kick	sports
6qlw12	One of the best hockey goals I've ever seen	sports
6lrhxw	Infield triple	sports
6c57k9	The most intense dart player ever	sports
88agac	Seamless team goal by the Red Wings	sports
7jiptx	Olimpic games 2018 by Vladimir Tsesler	sports
60i3lt	Fancy flying while filming a rally car	sports
6u22iw	Out of nowhere	sports
8d7607	Jose Guillen's mutant throw from the warning track	sports
9cv8wv	Sidecar co-pilots hugging the corners at the Scarborough Gold Cup.	sports
7toqo0	Triple Cork 1980 from the x-games	sports
68j8fc	Roy Jones Jr takes a moment to think about how good he is.	sports
6of0xq	Extreme downhill racing	sports
7455nm	Mertens & his imaginary friend (X-Post)	sports
7kbeb1	Houston Rockets honor 1-year anniversary of the passing of sideline reporter Craig Sager with tribute video and invited his 12 year-old daughter Riley to take a ceremonial shot	sports
5l4j93	Auburn player is warmly welcomed into Georgia huddle.	sports
6k8npx	Everyone was watching Chile's game yesterday, EVERYONE (Taken from r/Chile)	sports
7xnrh5	Todd Helton gets an out on Matt Carpenter after he forgets to stay on the bag	sports
9uq7al	Shaq could literally dunk on the whole team at once	sports
8gheev	Skipping in a 380ft shot - Eagle McMahon	sports
6b0vc8	Impressive table tennis rally	sports
7wxf5c	French ice dancers Marie-Jade Lauriault and Romain Le Gac perform the rotational lift portion of their routine	sports
6gu2e1	Windy day on the golf course	sports
7vbury	Philadelphia Eagles Beat New England Patriots 41-33 in the Superbowl 52	sports
8h4zvn	Guy gets trapped under tarp being put over raining Baseball field	sports
6hz3n5	Conor McGregor: "This guy lives at the back of the gym in a van. Respect to everyone chasing their dreams in this crazy world."	sports
7eantx	One punch knockout in shortest title fight in boxing history	sports
5xhiog	Man U's Ibra elbows a player after his head is stepped on.	sports
8vlqru	Counterattacking team goal wins it late for Belgium	sports
8kq65m	Man wearing a MAGA hat asks for LeBron's towel, Bron throws it out of his reach	sports
81qhct	Washington Wizards Fans All Feel The Pain Simultaneously	sports
52bsj6	NFL lineman catches teammate for touchdown	sports
7qc46c	Fan gets picture with Cristiano Ronaldo before being escorted off the pitch	sports
7lia61	History could be made in San Francisco on Sunday: Blake Bortles needs 16,966 rushing yards against the 49ers to become the NFL's all-time leading rusher (Emmitt Smith: 18,355).	sports
78t3lh	Trevor Booker joins Cleveland's huddle.	sports
52rs1o	And with the first pick in the 2023 NHL Draft...	sports
9353zb	Jamal Adams makes the day of a fan.	sports
6uyznq	This corner kick today in the football game Paris SG vs Toulouse FC	sports
576sj8	"You saw that...You saw that too"	sports
6xk1d5	Grandpa puts on a boxing clinic.	sports
8lpi40	They went right back to fighting after they both got out of the penalty box	sports
961vhf	Mike Tyson's Unstoppable Right Hook & Uppercut Knockout Combination	sports
7p972f	Brothers First	sports
6xsr56	Baseball reporter catches foul ball in the middle of his segment	sports
8tgz9d	Senegal's training session looks fun.	sports
95ojvw	No-look shot at the World Badminton Championships	sports
85sfmz	Muhammad Ali boxing underwater, 1961. Ali was 19 here and didn't know how to swim.	sports
7w46e8	playing tennis with a fireball	sports
7mndt6	Chapecoense plane crash survivor scores in a friendly match	sports
7zvjai	USA Men's Curling wins Olympic gold for first time ever.	sports
8aj6ag	Rodney Mullen	sports
7zd0gr	USA Beats Canada for Womens Hockey Gold Medal in Pyeongchang	sports
5n263c	Things Got Crazy In Badminton	sports
8vrzfs	Belgian players console and give a hand to Japanese players after their heartbreaking loss	sports
8l2kk5	Talgat Zhailauov has a rough time exiting the penalty box	sports
6ron0c	Good to see the Twins are getting back on track.	sports
9iccci	Tiger Woods wins his first PGA Tour victory since 2013. Finishes #1 at the Tour Championship	sports
6gg6o5	Shemika Charles limbo at half time game for Wisconsin. She's 23 here. At 18 yrs old she set the Guinness World record at 8.5 inches.	sports
6gziz8	Bill aims at halting taxpayer-funded stadiums	sports
9fhxyv	Curtis Stevens reacts to Gennady Golovkin's left hook	sports
9s8vej	Matt Damon and Jimmy Kimmel at the Boston Red Sox vs LA Dogders World Series game	sports
7pljhw	Why you shouldn‚Äôt use your cell phone during a basketball game	sports
6nj38v	Learn to love your enemies	sports
8w9jrj	104-Year-Old World War II veteran Frank Anderson Threw Out a First Pitch Yesterday at a Memphis Red Birds Game	sports
7vfzru	Giannis Antetokounmpo gives a young fan his own hoodie to cover up a Big Baller Brand hoodie	sports
99y8ac	Bundesliga side Hoffenheim installed a giant screen at their training grounds to enable them work on mistakes in real time. The players have found a better use for it.	sports
9djkq2	Mets' Todd Frazier grabbed a fan's rubber baseball to fool umpires into thinking he'd made this catch.	sports
73t559	Jay Cutler posing as a threat at wide receiver in the wildcat formation	sports
9d8aah	Tim Cameron's rock bouncer has a mind of its own.	sports
7vkenj	Introducing Darrel 'The Barrel' Hales	sports
7fv2de	Brutal Head Kick	sports
9e19b6	Canelo with the head movement clinic	sports
8bj1i1	Triple front flip on skis	sports
8pticr	Three brothers were on the starting squad for the New Zealand rugby team today.	sports
8qanha	High school pitcher strikes out his childhood friend to go to the state championship, and forgoes celebrating to console him.	sports
8ylk9s	Cincinnati Reds 3rd Baseman Alex Blandino Shows Off Impressive 67-MPH Knuckleball During Pitching Debut	sports
9vgszr	Football coaches agreed to slide in the mud if the team had a good practice	sports
7obiyx	Pit stop in 2 seconds	sports
9r18k1	Shaun Murphy Trickshot vs Ronnie O'Sullivan	sports
5z1xa3	The worlds longest hockey game is currently being played in Norway. 9 periods of overtime and counting. Still tied 1-1. The game started over 7 hours ago.	sports
66dw5b	Houston Astros mascot tricks Angels' Mike Trout	sports
8yx0p1	Tennis Physics	sports
8cb87h	Drake sitting court-side at the Raptors Game wearing a Humboldt Broncos Jersey #humboldtstrong	sports
71yxee	LeBron James responds to Donald Trump rescinding Stephen Curry's invitation to the White House	sports
8jn7qa	On this day, two years ago, Rougned Odor punched Jos√© Bautista and created my favorite photo in all of sports.	sports
8rop8l	Fan on the field taken out by defender	sports
7zysey	P.K. Subban gets upset in the penalty box, but is also a good guy about it	sports
6srl8q	Fighter dislocates shoulder.. opponent sets it back in place. Sportsmanship.	sports
83ktnz	Trick shot	sports
84ie4m	New York Ranger‚Äôs Pavel Buchnevich makes a kid with his old KHL jersey cry by giving him a stick and taking a picture with him	sports
7nfchj	Bills fans waited in single digit temperatures to welcome the team home after making the playoffs for the first time since 1999.	sports
6w2e2h	Wow, congrats Joe Thomas!	sports
6tni5f	Odell Beckham One-Handed Catch	sports
8c362l	Cleveland Indians Pitcher Zach McAllister Making the Catch of the Year	sports
9t17hw	Happy Halloween from the RCR Pit Crew Department!	sports
59nezj	The perfect free-kick	sports
6p9ryg	Ridiculous footwork from Anthony Martial	sports
9ahahx	Two young fans enjoying the view at the Broncos game	sports
9jcj8b	This Day, 20 Years Ago: Mark McGwire hits #70. Phil Ozersky, a fan making $30K a year, catches the ball. The Cardinals ask him for the ball for a signed bat, ball & jersey. Ozersky says he also wants to meet McGwire. McGwire says no. 3 months later, Ozersky sells ball for $3.05M.	sports
8518cm	For the first time in NCAA tournament history a 16 seed has beat a 1 seed. UMBC (16) beats Virginia (1) 74 to 54	sports
7zqme4	German foreign Office release wholesome travel advisory for Germans in Canada after amazing semi-final victory	sports
9nobtn	Football coach runs through the locker room door during pregame speech	sports
9b1m02	Crazy rally in a 'Spikeball' match, a sport that was featured on Shark Tank and gained popularity.	sports
67edzg	Young Shaq brings down the hoop	sports
8apkn3	Cate Campbell of Australia gets annoyed that she broke the Commonwealth Games Record in the 100m Freestyle Semifinal. She's annoyed because breaking a Games Record automatically triggers a drug test.	sports
6ymfik	Philadelphia Phillies' Nick Williams insane slide on first career stolen base	sports
8nsz9w	Braden Holtby's Game 2 save...in cartoon flipbook form (OC)	sports
5cdlop	One of the greatest sports bloopers of all time	sports
6s61hi	Pole Vault Gone Wrong	sports
9h6gvy	Mets pitcher Steven Matz catches a line drive behind the back and gets the double play	sports
8bwfh5	Forsberg beats him like a rented mule.	sports
5o4vn3	Redeemed himself on missing that first dunk even though the basket didn't count	sports
8opswy	Hilarious sign at NBC's Stanley Cup Finals Pregame Show	sports
8hy2pl	Rays IF Will Ryhmes faints from Pain after Hit By Pitch on Forearm	sports
5njc50	Amazing hockey play	sports
8wjhuo	Tens of thousands of Belgians agreed to do an "AdFundum" (finish their beer in 1 go) every time Neymar falls down during the WorldCup match Brazil-Belgium tonight.	sports
4xqz7j	Usain Bolt's face right before he finishes the 100 meter sprint in the semi-finals in Rio	sports
68sbbr	Football wonderkid	sports
7wfef5	Roy Jones Jr used to toy with his opponents In the ring while knocking them out	sports
9k7pe2	Kid does some skateboarding tricks.	sports
6ar1z4	Ballboy's Awesome Catch	sports
83ciw1	What 10,000 horsepower does to a top fuel drag tire at launch.	sports
5zcuqk	Crazy goal in the KHL	sports
7s10jv	The ref looks REALLY happy that the Patriots scored a touchdown.	sports
6onr3j	Yuliya Levchenko - high jump for 1.96 (PB at European Championship U23)	sports
8pgmhd	Alex Ovechkin lifts the Stanley Cup for the first time in his career!	sports
9egjzt	Cleveland Browns field goal attempt to get their first win in 2 years	sports
6ecj0f	Tip off fake out	sports
8ma60i	Today is the 25th anniversary of Jose Canseco having a ball bounce off his noggin for a home run.	sports
9smey9	Back to back splits... on TV	sports
7m0ya2	Downhill Ice Cross	sports
7os6c3	The Buffalo Bills are back into the NFL playoffs after 17 years of not qualifying. Their fans are tailgating appropriately.	sports
6f11w7	To referee a Lions game, you need something extra...	sports
9pgw2j	Kawhi Leonard is Able to Dunk and Palm the Ball Before It Hits the Floor	sports
620u88	Gonzaga basketball players and the news anchor who interviewed them.	sports
7ad9zt	These two guys adjusting their hats during last nights game 7.	sports
6yvcqh	A winning manager showing his father the trophy his county received for winning the All Ireland for the first time in 29 years	sports
8k3d8o	Vegas Golden Knight's Game-Opening Ceremony Against the Winnipeg Jets for the NHL Playoffs	sports
7j2unv	Calgary Hitmen fans celebrate opening goal by throwing stuffed animals onto the ice to be donated to deserving children this Christmas.	sports
6r3zvu	Ball boy baits Cristiano Ronaldo	sports
3pomaw	Dear ESPN, go fuck yourself. Sincerely everyone.	sports
8u2ehk	Messi scores his first goal in world cup 2018 vs Nigeria.	sports
8u7nxu	(World Cup) Reporter to Lionel Messi [in Spanish]: "After the 1st game I gave you a good-luck amulet that my wife gave me. I don't know if you still have it or threw it away..." Messi then shows he's worn it along along and leaves the reporter stunned.	sports
8lj6ps	Insane flying knee knockout	sports
9scy0o	Russell Westbrook offers to trade a young fan his shoe for a slice of pizza	sports
6gif3z	Always show good sportsmanship	sports
69pksc	Canelo Alvarez with a lightning fast counter punch	sports
6ekbfn	The power of a Mike Tyson right hook in his prime	sports
7ymxzg	After four runs, Canada and Germany tie for gold in the men's two man bobsled. The teams tied to the hundredth of a second.	sports
9d2zze	25 years ago today one-handed pitcher Jim Abbott threw a no-hitter.	sports
58wnxr	The Chicago Cubs are heading to the World Series for the first time since 1945.	sports
4etdim	Kobe's first point ever... And his last	sports
57zvf3	That time Shaq made everyone on the bench fear for their lives	sports
8v9811	Soccer ball interrupts a military parade marching through the Red Square in Moscow	sports
7ktqb7	Logo for 2018 World chess championship were released today. Somebody messed up big time.	sports
88opur	William Karlsson of the Vegas Golden Knights made an unassisted, shorthanded, between-the-legs goal	sports
91hjti	Philippe Gilbert falls over a wall in Tour de France	sports
76kyii	Golden Tate drops "The People's Elbow" on the football after scoring a TD	sports
8xqn1e	NFL Star Running Back Lesean McCoy alegedly beat up his girlfriend Delicia	sports
7988en	Nike jerseys not off to a great start	sports
7guxz6	NFL referee gets caught in the middle of a dogpile	sports
8j3u30	A young fan dressed as an umpire and called a Minor League game from the stands	sports
6jdfhd	When you drive like a madman better have good reflexes	sports
6yhysx	Phil Mickelson takes golf advice from young fan before attempting shot out of the rough.	sports
3k5o95	fuck you ESPN	sports
9sth6n	Boban Marjanovic of the LA Clippers came to wish actress and singer Kristin Chenoweth good luck with the national anthem before tonight's game	sports
5firij	No big deal.	sports
7g4a6z	Cowboys 325lb G Larry Allen chases down 250lb linebacker to prevent touchdown	sports
8wu371	World Cup: England in semi final	sports
8600j6	Impressive leap	sports
8rs9sa	Surprise: Mexico beats Germany 1 : 0!	sports
73buum	When a Miami Hurricane football player makes an interception or recovers a fumble, they are immediately given a massive gold chain to wear called "The Turnover Chain."	sports
5frfy2	A story of revenge	sports
5auvwo	Cubs Win 2016 world series!!	sports
89hzf5	Cristiano Ronaldo amazing bicycle kick goal vs Juventus	sports
7lwxau	Catching an interception on your butt	sports
6abzsa	Insane Frisbee Catch	sports
6slwai	Tim Duncan is so smooth	sports
6tefov	Franck Rib√©ry unties the referee's shoes	sports
8eyzc6	Young fan at Yankees game snags a foul ball with a glove full of popcorn	sports
9lcdi4	Why NASCAR pit crew wear firesuits	sports
8fnj3f	Jordan Mailata, a 6'8" 346 pound Samoan rugby league player who has never played football, got drafted in the 7th round by the Philadelphia Eagles	sports
78ofjh	Indonesian soccer player Terens Puhiri has incredible speed	sports
5dhg3i	Oops	sports
7b7ebm	On this date in 1998, Bobby Boucher showed up at halftime and the Mud Dogs won the Bourbon Bowl.	sports
5ny2va	[Hockey]Guy wrecks himself leaving the ice	sports
5e3svk	Sound guy gets destroyed by the team entering the stadium (Vikings)	sports
6b6sd9	Leo Messi's impressive shirts collection	sports
56tge7	President Obama ends Olympic ‚Äòvictory tax‚Äô. The IRS will now be prohibited from taxing most medals or other prizes awarded to U.S. Olympians.	sports
7nnigr	Polish skier Pawel Babicki finishes run on one ski	sports
4xlgau	Puerto Rico just won its first ever Olympic Gold medal, by 22yo Monica Puig in the Ladies Tennis Singles final. She beat Angelique Kerber of Germany (2016 Australian Open Champion). She (Puig) is unseeded in the tournament while Kerber is No.2 seed and ranked No.2 in the world	sports
7b588g	"Fucking ridiculous," thought Tony Ferguson, as he practiced his salsa dancing with RDA	sports
6m31sy	Scoring From First Base On A Single	sports
94pmn8	Carlos G√≥mez gets hit with a tranquilizer	sports
57rpbb	Toronto Is In Town	sports
4mgr2u	Muhammad Ali, 'The Greatest of All Time', Dead at 74	sports
97eh30	Brazilian surfer Rodrigo Koxa surfing the largest wave ever ridden, topping out at 80ft	sports
6rhz3s	Beer League Softball at bat	sports
8eqwpi	Embiid celebrates with Kevin Hart. Then proceeds to pick him up like a little boy.	sports
9q6n49	T.J. Lee requests a Wide Reciever then gets a train run on him	sports
9gk1sm	After Bucs start 2-0, normally modest Ryan Fitzpatrick shows up to press conference dripping in gold and diamond jewelry with dark sunglasses on and says: ‚ÄúWe have to stay humble. We can‚Äôt change who we are.‚Äù	sports
8y78jw	Scene from Zagreb & London at same time.	sports
5eisre	Norwegians play drunk football	sports
912nym	Just over three months after the bus crash that killed 16 hockey players in Saskatchewan, survivor Ryan Straschnitzki (left), who suffered a spinal injury, is practicing sledge hockey. He hopes to one day participate in the Paralympic Games.	sports
984j7t	Burnley F.C. fan brushes off a header	sports
77asjb	The compression of this ball on a homerun	sports
6jh93a	Footballer finds an alternative way of transportation	sports
5cxj16	This is what happens when you spend too much time on the bench (North Carolina Tar Heels)	sports
71c546	Steward bodychecks runner at 2017 UCI Road World Championships	sports
6758dd	Messi showing off his shirt to Real Madrid fans after 3-2 goal in El Clasico. Probably the pic of the day.	sports
4y06lg	World Champion Irish boxer Michael Conlan shows judges the finger after controversial loss to Russian	sports
7g0uev	Ravens 340lb DT Brandon Williams doing a handstand	sports
6pwn9l	Messi dodging 4 defenders and scoring	sports
8r0te5	Manny Pacquiao's devastating knockout against Ricky Hatton	sports
8t1k0d	Neymar with a great rainbow flick Vs Costa Rica	sports
8hoihi	Baby Ducks found on Fowl Line during Baseball Game	sports
8596o8	March Madness summed up in one photo	sports
787r4t	View from the announcer's booth in the fog during the Patriots vs. Falcons game	sports
5ciaaf	USA and Mexico players with a much needed message.	sports
5ttcjn	Don't pick a fight with the goalie	sports
5mwwx4	When you dunk on Shaq‚Ä¶	sports
9ka7w6	Come For Baker Mayfield's First TD Pass, Stay For The Fusion Dance Celebration	sports
7pngdp	The Japanese Sport "Bring the pole down"	sports
6ca6cb	Pittsburgh Pirates' Josh Harrison Reaches 2nd Base Uniquely	sports
5or6wt	George Best, what a man	sports
5l9ddg	Happy New Year to everyone	sports
4zthoi	Euro Training	sports
8e64uv	Milwaukee's Matthew Dellavedova steals rolling inbound pass to beat the buzzer	sports
8ac9ua	Gold medal-winning U.S. Olympic men‚Äôs curling team throwing the first pitch at the Twins home opener	sports
7tjswq	Roger Federer Defeats Marin Cilic to Win Record-Tying Sixth Australian Open, Now Has 20 Grand Slams Overall	sports
9a2bxg	Odell Beckham Jr. plays catch with a young fan	sports
8mlcle	How to put spin on the cue ball	sports
8r3fgz	Since the World Cup begins today, I created an animation with the flags of the qualifying countries.	sports
4x3lc7	Got Em	sports
7gp88i	Referee gets injured in Belgian cup match, gets replaced by guy from the crowd. Luc Bosmans got the chance to be linesman in a match with 2 clubs of the Belgian first division. He did not make any mistakes and even stepped in to calm the players in some incidents	sports
71057d	Eli Manning gets tackled by...nobody.	sports
83h6x0	One of the most vicious flagrant fouls you'll ever see	sports
8sacp5	Senegal manager Aliou Ciss√©'s celebration when his team scored	sports
8b8dxm	Boban Marjanoviƒá plays keep away with Anthony Davis	sports
8p1ljw	Don't try to pick a fight with the goalie	sports
6e273t	Tiger went downhill Fast.	sports
6fj9lb	Mayor of Nashville Knows How To Make America Great Again	sports
6dlpzc	Getting out of the bunker	sports
6bb3t2	Minnesota Twins Outfielder Byron Buxton makes leaping catch at the wall	sports
781hb5	Maybe don't shove your coach though	sports
4v6fg4	Never celebrate too early	sports
9o455r	Iowa State band brought out T-Rexes for the halftime show	sports
5gmkop	Pretty great team work!	sports
98o3m7	Novak Djokovic Becomes First Tennis Player in History to Win All Four Slams and All Nine Masters	sports
6y7jbn	Michael Jordan's satisfying fadeaway shot	sports
99d73l	Fake pick-off attempt works in American Legion Championship game last night	sports
7vw8ur	How to celebrate a goal in style	sports
9vmtac	Bowling pin defies gravity	sports
85dv11	Michigan State's Matt McQuaid turns his own blocked shot into a buzzer-beating three	sports
4lk6y9	This dude got it, 6'2" and legit free throw line.	sports
4w0enc	Tennis great John McEnroe throws one of the best ceremonial first pitches ever	sports
8cz9fv	Gotta give it to the San Jose Sharks for this towel design. Amazing	sports
8twz5b	NBA draft suits--2003 vs 2017	sports
7w0ruy	Andrew Jones, the Texans Longhorns guard that was diagnosed with Leukemia, is still getting buckets!	sports
72qmxo	Fan about to take the ceremonial first touch goes and scores for his team instead	sports
4yq7w4	Bolt having a serious moment pre-race	sports
8dx59m	some superbly executed synchonised drop n' role.	sports
6x629m	McGregor about the Mayweather fight	sports
8ww8nd	World Cup: Croatia beats Russia by penalties and moves to the semi-finals	sports
6j11jn	Perfect Motorcycle Turn	sports
9m25on	Dereck Lewis KO‚Äôs Alexander Volkov in UFC 229, proceeds to give the best speech in UFC history	sports
60bdj7	Kevin Kisners caddie never misses leg day.	sports
7x9iw8	Rod Salka pounds his chest, then instantly pays for his bravado at the hands of Danny Garcia	sports
7ifccm	Hockey kid makes a friend on the visiting team	sports
53xuzr	In a league of his own	sports
7hiwm7	One year after losing 19 of its players in a plane crash, Brazilian club Chapecoense clinched qualification to the Copa Libertadores‚Äîthe South American Champions League	sports
64920c	Insane pass from South African rugby player Dillyn Leyds	sports
7nk9l8	Aerial Photo of the B2 Stealth Bomber Flyover at the 2018 Rose Bowl Game	sports
7a2t82	Celtics' Kyrie Irving surprises a Cavaliers fan	sports
6qve8d	Roof Closing at the Mercedes-Benz Stadium in Atlanta	sports
4wjcqp	Olympics provide the simple pleasures in life	sports
7l4ugd	Bristol City manager Lee Johnson celebrates a last minute wining goal vs Man Utd with a young ball boy	sports
62qk6f	Mississippi State wins it at the buzzer to end UConn's win streak of 111 games	sports
5jxve6	Soccer used to have different rules	sports
9mb52a	BYU mascot just stole all your ladies	sports
6w5aws	Epic matchpoint in crazy sport	sports
7o2d01	David Beckham's free kick against Greece which secured England's qualification for the 2002 World Cup	sports
6kq2ds	Changing 5 wheels in 3.3 seconds	sports
8tiz98	Senegal player sends a shot over the goal and into the stands. Shirtless Japan fan heads it away.	sports
5rpc3a	Hockey player turns stick into a javelin for the most incredible shootout goal	sports
63uzgv	Jack Nicklaus paying tribute to his buddy Arnold Palmer this morning to open the Master's	sports
8s1a1m	Fun fact: Did you know that when Sweden and Denmark play each other in FIFA WC, the letters that are used for the teams are SWE vs DEN (together, Sweden) and the remaining letters which are not used are DEN and MARK (together, Denmark)	sports
85lero	Tricking the opponent	sports
8sutbt	Caballero's (Argentina goalkeeper) costly mistake.	sports
7be5b4	Goalkeeper's ghost pass. Hilarious!	sports
5kpenh	"hey now. if it works, it works"	sports
94ffh9	Zlatan Ibrahimoviƒá has been calling LA Galaxy fans to congratulate them on buying season tickets	sports
67j406	101-year-old Indian woman wins 100 meter dash at World Masters Games in New Zealand as the only competitor in the 100+ age category.	sports
9u53jb	Miami and Duke played a football game on Slip 'N Slide field conditions	sports
8rgvd0	Young Houston Astros Fan Faked Out By Umpire	sports
6wvnus	Don't mess with the Texans.	sports
7zgyc3	Tyler Nicholson and Staale Sandbech create a new Olympic Sport	sports
5rvacd	Does this count as a 2 or a 3?	sports
9i7ec9	John McGinn's volley vs Sheffield Wednesday.	sports
6k1w0o	Exactly 20 years ago today, "The Bite Fight"	sports
709tzv	Heavy Metal Granny	sports
826z4u	High School heavyweight Gable Steveson celebrates his 4th Minnesota state wrestling championship with some amazing acrobatics for a 260 pound athlete	sports
9akvej	The tee retriever for New Mexico State works really hard	sports
8fxzpf	Celebrating the right way	sports
9771ba	FIFA no longer considers "corruption" a violation under its new ethics code, but will now ban any officials found to have made "any public statements of a defamatory nature towards FIFA."	sports
8yrk1v	Billy Hamilton reaches up and over the wall to stop a home run	sports
7fhxtw	From Hero to Zero	sports
7q1qyr	'What just happened?'	sports
5j2923	Beauty and the Beast - Kovalchuk and Morozov Figure Skating for the KHL All Star game	sports
4hjqn8	Leicester City become Premier League champions	sports
9twi5b	2018 Worlds Strongest Man "The Mountain" vs Arm-wrestling Champion Devon Larratt	sports
94zl5v	Jet Sprint Boat Racing	sports
9izm76	Jacob Faria somehow catches a 108 mph flying back to him	sports
93dhcp	Ostrich Racing in Minnesota, it's as ridiculous as it sounds.	sports
7a53f3	Seahawks sideline coach with a spectacular hidden ball move	sports
6t6zyl	Kori Carter's 'Game-face'	sports
5sa72e	4'8" Olympic gymnast Simone Biles standing next to 7'1" Shaq üò≥	sports
6y0t13	Capers-Smith goes for an interception but the ball goes straight through his hands	sports
4vm2of	Mexico fans throwing bottles at player taking corner. Trinidad shuts them up.	sports
790sry	Tony Romo narrates a cat taking the field during the Dolphins Ravens game	sports
6xe0r5	Skiing through the valley of death	sports
6wae9t	Mayweather TKO of McGreggor in 10th round	sports
58nfp6	Aaron Rodgers fucking hates The Eagles, man.	sports
8k81yf	Billy is a boy with the coolest home run celebration. (x-post /r/humansbeingbros)	sports
4xiiuc	Novak Djokovic is classy AF	sports
793w0l	Houston Texans NFL Owner on Kneeling: ‚ÄòWe Can‚Äôt Have the Inmates Running the Prison‚Äô	sports
5qxbsw	The respect these guys have for each other is amazing	sports
78ihby	Muhammad Ali dodges 21 punches in 10 seconds.	sports
6znuru	Toronto Blue Jays Infielder Darwin Barney has a really tough time getting to 3rd base	sports
8codux	Spectator just past the halfway point of the Boston Marathon encouraging runners to not give up	sports
6zts4o	Fan High-Fives Chicago White Sox Right Fielder Avisail Garcia After Catch	sports
9optsg	TJ Dillashaw uses Renan Bar√£o‚Äôs head as a punching bag successfully defending his Bantamweight championship.	sports
76aei6	Cal QB Ross Bowers somersaults into the end zone for a TD	sports
9ek2ot	This is a soccer/volleyball game called Sepak Takraw native to SE Asia	sports
9ht4c9	One of the most Irish Experiences I‚Äôll ever have: Hurling lessons in a parking lot behind Waterford Crystal, a couple guys preparing for the Regional Championships.	sports
9m6t77	Arsenal finishes off a crafty team goal	sports
7y73pf	Washington Capitals' Devante Smith-Pelly Squirting Water at an Annoying Heckler	sports
8utlby	Mark Milligan from Australia sits on the grass and cries when being eliminated from World Cup. His daughters came to console him.	sports
891yfk	Absolutely incredible skills to sink the basket during a high school basketball match	sports
6z2mhi	Poster at SEC Gameday makes fun of Tim Tebow's attempted baseball career	sports
718l10	Failed Soccer Bicycle Kick	sports
9o6llf	Steelers RB James Conner is a cancer survivor. He had a moment with a young fan that finished chemo.	sports
7u2ik3	The NHL's Twitter page made this college in honour of Jaromir Jagr	sports
7hpwku	Vasyl Lomachenko knocks down Chonlatarn Piriyapinyo with a sequence only he could throw	sports
5d6n6d	On this day 20 years ago the Monstars blew a 66-18 halftime lead to Michael Jordan and the Tune squad	sports
4rt82g	Seattle Seahawks' Michael Bennett calls out other pro athletes charging for youth camps: "Whether it‚Äôs Steph Curry or whoever it is, it makes me mad because there‚Äôs so many kids who can‚Äôt afford to pay such a high amount of money. How much money do you need before you start giving back for free?"	sports
9ulki6	Marcus Mariota delays the handoff until the very last moment before flipping the ball forward for the touchdown	sports
6yy45n	Go Jags	sports
8xsrg0	Mbappe Wasting Time Cheeky	sports
7h7oh5	Can we get this guy some help? Groundskeeper works alone while 8 refs stand around and watch.	sports
9kmpva	Eric Murray Commits Highway Robbery on This Interception	sports
5ezr49	Halftime at Super Bowl I	sports
9brlqy	Libor Hroza sets a new world record in speed climbing	sports
5u7owd	Patience can be the key	sports
6ako6z	Tigers fan looks like Justin Verlander more than Justin Verlander does	sports
70lvfj	I'm watching the USC-Texas game and then I randomly see my brother in law on TV standing behind Matthew McConaughey with his camera pointed straight on him. A few minutes later I get this picture sent to me.	sports
97z0f0	Umpire makes a nice catch	sports
8kxfi7	Shaun Livingston with the disgusting crossover past James Harden	sports
9dtx5h	Suliasi Vunivalu try (NRL) Storm v Rabbitohs	sports
8fjmu5	Brewers Martin Maldonado rips the cover off the ball	sports
97bofi	Duke freshman Zion Williamson dunks from the free-throw line	sports
8am08u	An emotional scene tonight in Winnipeg as the Jets and the Blackhawks all play with ‚ÄúBroncos‚Äù on their jerseys in support of the horrific crash that claimed the lives of 15 members of the Humboldt Broncos junior hockey team	sports
6wqjh2	Paraglider scores a perfect landing	sports
782zu6	Hide and go seek!	sports
772vcs	[Graphic] Gordon Hayward breaks his ankles on opening night	sports
6zd99x	An Olympic skier's workout.	sports
7ub6qc	USA Gymnastics says all directors have resigned after abuse scandal	sports
7jpi4p	P.K. Subban scores from mid-ice	sports
4rx2he	The moment Bruno Hortelano learns he won the gold medal, not silver (200 meter, European Championships)	sports
8x19ei	Antoine Griezmann and Hugo Lloris in 2014 vs 2018	sports
9taifh	Derrick Rose reduced to tears after getting the game saving block and a 50 point game.	sports
7r16rg	Posted on NFL's Facebook page	sports
8oww16	Fan at San Francisco Giants vs Arizona Diamondbacks game kept switching jerseys to get free souvenir balls from each team.	sports
8oxgo8	Steven Wrights no rotation knuckle-ball	sports
513vj7	A strangely-timed football game photo	sports
6j9nem	Some would say this is the perfect motorcycle turn...	sports
9c3evl	South Korea win the 2018 Asian Games. Their players no longer have to serve mandatory 2 years in the military service.	sports
5xpqo3	Incredible handball penalty	sports
870h6x	[NRL] Chip, chase, flick pass, try!	sports
4wzvp5	10 years ago: A 9-year-old named Katie Ledecky gets an autograph from Michael Phelps. They both won gold medals today	sports
92wbwl	Geraint Thomas has become the first Welsh cyclist to win the Tour de France	sports
5lvshv	He followed through.	sports
9h1v1m	Tennis Champion Naomi Osaka's $8.5M Adidas Deal Biggest Ever for a Woman	sports
6hae60	Floyd Mayweather-Conor McGregor fight finalized for Aug. 26	sports
6chf1b	7-Punch Combo.	sports
74ezif	Shaq attack	sports
553ial	USA fan heckles Rory for missing putt, gets challenged to make it himself, and drains it.	sports
7chtag	That CFL limbo celebration destroys everything I've seen so far in the NFL this year.	sports
7mj99t	Chicago Cubs & Arizona Diamondbacks during a rain delay	sports
6426nk	Incredible picture from NJ/PIT game	sports
69gfhg	French rugby player who knocked referee unconscious receives life ban, still faces civil lawsuit from referee he attacked.	sports
5ggw5c	#REFLIFE	sports
4rkm3v	A ball boy sneaked into the Portugal team photo tonight in their game against Wales	sports
7ff0r8	Australian cricket fans create one of the greatest beer snakes ever seen	sports
8gzmct	Nashville's Pekka Rinne stick handle save	sports
9qcg60	First Russian UFC champ during a ceromy honouring him	sports
5uk9l6	Smooth Ping Pong Back Shot	sports
8tkahp	The pass of the World Cup (James Rodriguez)	sports
8ijox4	Getting a trick shot hole in one	sports
74khi6	Russian boxer Ruslan Provodnikov's Urine sample after a 12-Round Fight	sports
4qb0gf	How the Iceland football team was selected	sports
9gnnlb	Cleveland Browns fans holding a public tryout for a new Kicker	sports
8iokwn	Mariners Closer Tom Whilhelmsen has no idea he completes combined no-hitter after getting last out	sports
5texdw	Throttle Control and Balance	sports
5jufh6	playing tennis with a fireball	sports
9qkxny	Damian Lillard of the Portland Trail Blazers entered the arena tonight as Stone Cold Steve Austin	sports
691huz	Awesome One Handed Catcher	sports
6r4vmc	Don Frye and Yoshihiro Takayama shows what a real fight is.	sports
4od9zs	That is one quick pitstop	sports
5ld4fr	We playing football not .. balls balls	sports
7wobz6	Travis Rice getting caught in an avalanche (he survived)	sports
5ltnf3	The body of an elite baseball player	sports
5vrvdl	ESPN is such a joke.	sports
9m2vhr	Khabib jumps into crowd to fight McGregors team after winning by submission.	sports
6dd3sm	On this date 52 years ago	sports
90gub6	51 years old Dennis McCoy landed a 900 at the X Games last night	sports
5i1cop	How to properly block a Field Goal	sports
6euvkc	When you want to watch the game, but your sister is in the Spelling Bee Finals....	sports
5k55f8	The Cleveland Browns have won their first game of the season	sports
71q03t	Conor McGregor facing Cristiano Ronaldo	sports
7j0o6w	Waitin' for the Bills to make the playoffs	sports
4wa918	Never celebrate too early	sports
8torbb	The selections that are still alive	sports
4k86aw	How to keep a runner from going 1st to 3rd	sports
9g6nkn	Zlatan Ibrahimoviƒá scores his 500th career goal.	sports
7a2pk6	One of the greatest sports fights of all time occured on Feb 27, 1998 between the ECHL Louisiana Icegators and Tallahassee Tigersharks. Someone only recently uploaded the footage. It is INSANITY	sports
605ecm	Presenter draws a penis on live TV while commentating on a Hockey match	sports
90psw9	Kyle Baldock's POV BMX Run at the X-Games	sports
6flj97	Connor McGregor vs The Mountain (sparring showdown)	sports
6ptm02	Bartolo Colon showing his agility.	sports
6g8wyf	The Cleveland Cavaliers Playoffs Stats....	sports
5zk9k7	Home Runs Can Be Dangerous	sports
6ie363	Floyd Mayweather's only KO in 10 years against Victor Ortiz	sports
5nozy1	The Tampa Bay Lightning social media team won twitter today.	sports
4q5lun	Iceland beats England 2-1, will play against France in quarter finals.	sports
7e5qi4	Chance the Rapper plays a hockey reporter who knows nothing about hockey	sports
8v4d2y	Good show of sportsmanship from Ronaldo	sports
6ojfca	May not be a big deal to anyone else, but my team won our first mens softball tournament together and i got the MVP of the tournament last night for the first time. 5 years of lots of hard work finally paid off. Sports amaze me every day by teaching me hard work and dedication do pay off.	sports
8o5zva	The look of pure joy after scoring a goal	sports
6r0t5g	Austin Jackson taking outfielding next level.	sports
85j5y8	A little jewel by Racing Club's Lautaro Mart√≠nez	sports
5prk1p	Confusing your opponents	sports
826ihm	Witkowski vs. Seeler Hockey Fight	sports
9l2871	Brazil's Maya Gabeira sets world record for the largest wave surfed by a woman, 68 feet	sports
9b62pw	Kenley Jansen's no look catch & double play off a broken bat.	sports
5okj5u	Joe Rogan: keeping things simple	sports
6glavl	Caneball: Volleyball On Steroids	sports
64g4vv	Sergio Garcia wins the 2017 Masters on the first hole of sudden death versus Justin Rose.	sports
6cmmqi	Johnston's foot race & tackle on Vunivalu [NRL]	sports
65bvev	Hockey player gets stick stuck in glass	sports
79lpti	Throw it back!	sports
4z0pl3	Minor league baseball player hits grand slam, ball smashes his own truck	sports
4ftjs1	105.5 MPH throw from left field to get the out at the plate	sports
7a93yi	Final Out of the World Series; Astros win their first World Series in Franchise History!	sports
6oy06a	Limbo champione	sports
4xatbk	Fiji have won their first Olympic medal ever, Gold in men's Rugby 7s. Here they are post-match.	sports
6qb5h9	Russell Martin stares down Angel Hernandez "put your mask back on"	sports
9lt54f	Kevin Durant, who was drafted by the Seattle SuperSonics before the team relocated, wore a Sonics jersey and was loudly cheered in his return to the city	sports
93p71d	ESPN to bring back ‚ÄòThe Ocho‚Äô for day of dodgeball, chess boxing	sports
74w6a6	Kicker saves the game after desperation five-lateral kickoff return	sports
597jnd	Some wise-ass Dodgers fan thought it would be funny to photobomb me and Cam at Game 6.	sports
5euod1	Seems reasonable.	sports
6wohdc	Incredible Catch by Toronto Blue Jays Center Fielder Kevin Pillar During Tonight's Game	sports
9ah32u	More balance and control from Monster Jam‚Äôs Tyler Menninga and Grave Digger	sports
5x0hqj	This is how Northwestern just secured their first NCAA tournament bid	sports
6mtnmh	The catch was great. The hair flip was better.	sports
7125it	High School Running Back Refuses to Get Tackled	sports
8g19ut	Argentinian fourth division side Ferro de General Pico have the best goalkeeper kit ever.	sports
7h348a	Seeing this poor Bills fan actually hurt my soul.	sports
3qg3oc	"That's bullshit......well, okay"	sports
8k97xt	Olympic Curler, Matt Hamilton, used his gold medal to mark his ball at the BMW Charity Pro/Am	sports
6a6hfr	Catcher saves the day	sports
79r9br	A 14 year old Caroline Wozniacki with her idol Venus Williams. Yesterday Caroline Wozniacki defeated Venus Williams in straight sets to win her first WTA Final.	sports
5q3fph	Usain Bolt will have to hand back one of his nine Olympic golds as a team-mate tests positive for a banned substance	sports
61rndc	Someone at ESPN doesn't like Frank Martin.	sports
8j9kht	Celtics fans after Game 1	sports
7vp4iz	Rugby brawl in Georgia	sports
9aubxu	Lizzie Armanto became the first woman to complete Tony Hawks's infamous loop yesterday	sports
9f4hnc	Marc Marquez's insane slide(max lean) at US GP	sports
7bljqn	The Texans just signed a quarterback who has not thrown a pass since 2011 while Colin Kaepernick remains a free agent.	sports
9ad0ox	Dolphins player goes to the wrong sideline, gets directions from Ravens head coach	sports
8sl8w3	Dad rushes onto the track to free his son from a burning racecar	sports
4tv1i2	1 armed kid driving a golf ball off the tee	sports
5blgsk	PUT THAT DAMN RED CARD AWAY!	sports
7eioj8	Vikings trainer helps The Mountain suit up "It's the biggest helmet we have"	sports
5r99vd	Mistake Realized in 3...2...1..	sports
8kljeb	Craig Smith misses wide open net	sports
76co0b	Hertha Berlin SC taking a knee before their bundesliga match to show solidarity with the protests in the US.	sports
7szfkq	Mike Tyson dropping his opponent with the very first punch he throws	sports
9mftmm	Maple leafs player Auston Matthews scores and celebrates, Blackhawks player Patrick Kane Scores copies Matthews celebration and makes Matthews smile	sports
57xevl	Lamar Miller makes half the Colts defense miss on his way into the end zone	sports
5v6in3	Giannis Antetokounmpo rises for a dunk in his first All Star game as nine of the best players on the planet look on.	sports
7qkzb2	The Vikings-Saints game was so crazy, Apple Watches told fans they might be having heart attacks	sports
955ib4	Foul tip in a Little League World Series regional game.	sports
4pcgs0	View of Cleveland for the Cavaliers parade	sports
2n815n	Odell Beckham jr, rookie WR for the New York Giants, just made possibly the greatest catch in NFL history.	sports
4egmal	Aerial Shot of Muhammed Ali after knocking out Cleveland Williams in 1966	sports
638otu	Red Sox Opening Day - Gronk steals Brady's jersey and a game of chase/tackle ensues.	sports
4n4qxl	Coin flip lands on edge. Columbia v. Paraguay.	sports
546mmi	Usain Bolt says he's been offered to play WR in the NFL, rejected because of the hits NFL player takes	sports
8y1yp5	Kieran Trippier opens the scoring with a beautiful free kick goal!!	sports
4hz1i6	She is just warming up before the match	sports
6pnsbm	Kobe Bryant at age 12 playing grown men in Italy	sports
6plt4e	SportsCenter these days.	sports
78nkzd	It's ok, just let it happen..	sports
55r8ce	Pictures like these is why I love hockey	sports
5wt76d	An unexpected hero saves the day...	sports
71t0ch	Yankee stadium using the names of every Yankee that played there	sports
6ernck	Some people just run out of stats.	sports
5qhkh1	Dillon Brooks going for the Oscar	sports
5x3i6n	two hockey players preparing dinner in the penalty box	sports
9g51e2	North Texas punt returner never waived for a fair catch, goes 90 yards for the TD	sports
6c0qua	One handed mini golf hole in one.	sports
4zgdgx	Katie Ledecky had Bryce Harper hold all of her medals while she threw out the first pitch	sports
54a2e9	North Korean goal keeper getting destroyed	sports
87dxij	Fans on the pitch love Ronaldo	sports
4luyuc	Amazing pass by Paul Pogba	sports
8mt3ch	Boston's Jackie Bradley Jr. makes an over-the-shoulder leaping catch	sports
9q24vo	Sugar Ray Robinson sets up possibly the greatest left hook ever thrown	sports
8zgtk1	Golden Ball winner Luka Modric was told a boy with down syndrome wanted to give him high five because he is his favorite player so Modric pulled him up on the stage with them and had his arm around him through the entire ceremony.	sports
5ml5jg	That's one way to fail	sports
7quwx3	EHF Euro 2018 - Sigurdsson penalty rebound	sports
51l8uf	Benny the Bull, the greatest mascot in sports.	sports
7rqiab	The NFL power rankings after Week 2, 2001 & Drew Bledsoe's injury	sports
5j8hoo	Combining skiing with surfing	sports
55fqfk	Amazing one handed interception	sports
5dvgac	Insane Juke	sports
61luj7	1st Ever Monster Truck Front Flip	sports
7s57e0	Best catch possibly in Cricket history	sports
6876f0	NFL Commissioner wiping a booger on a handicap girl	sports
70or6m	Ever wonder what day "The Ultimate Game" in 'Space Jam' took place? March 5th, 1995. I did the math.	sports
83px1w	Tiger Woods drains a clutch 44-foot birde	sports
74o6i1	Patrick Kane spin-o-rama assist to Nick Schmaltz	sports
4zz27e	Columbine High School striker scores after an incredible somersault over the opposing keeper	sports
65zki5	Guy takes pic at the Boston Marathon of a motivational sign, refuses to let ESPN use his picture with the funniest response	sports
5y5rq0	Mark Cuban looks on as Dirk scores his 30,000th point	sports
8hz8er	71 percent of the earth's surface is covered by water. The other 29 percent is covered by Kevin Pillar	sports
5ue5ap	15 Years Ago Today - Australia's Greatest Moment in Olympic History	sports
4xds97	Egyptian Judoka Islam el-Shehaby refuses to shake hands with Israeli Ori Sasson following defeat.	sports
3n7wio	"Selfie" sorority girls refuse free tickets to future baseball games offered by the Diamondbacks and Fox Sports. Instead, they ask that the tickets be given to families at A New Leaf, an organization that helps victims of domestic violence.	sports
5yvhw6	Nick Schmaltz loses his skate blade	sports
5p9b1r	What happens when only one defender is paying attention (American Football)	sports
8a8sh3	Formula 1 driver Kevin Magnussen with an act of pure evil...	sports
9b9cx8	Small analysis of how McGregor bamboozled Alvarez	sports
671kvm	MotoGP rider saves an almost certain crash	sports
50biv1	Mike Trout makes a young fans year.	sports
92sme8	This second chance grab	sports
5xubyd	Orlando City fans chanting "Move Bitch, Get off the Pitch" to injured NY player.	sports
9qdwbd	Kareem Hunt breaks tackles and hurdles a defender	sports
4vw5ir	No Dorms For U.S. Basketball Teams; They'll Stay On A Cruise Ship In Rio	sports
67nyk4	ESPN will cut 100 on-air personalities today	sports
4f85sm	Best slide ever?	sports
4cvyow	Mods are asleep, post the fry cook games.	sports
4o3aca	Sportsmanship	sports
6nmjk9	Roger Federer Breezes Past Marin Cilic For 8th Wimbledon Title	sports
8p9nzj	Forearm shiver in baseball	sports
6he1g1	Camera and car pushed to the limit	sports
90cvqd	Whatever it takes to get the out	sports
61j3wg	Towel Girl Clears the Path	sports
4px9ni	Marc Marquez borrows scooter from camera man after crash still qualified 4th	sports
7bvkjo	Aaron Hernandez suffered from most severe CTE ever found in a person his age	sports
4lfusq	Formula 1 is a game of millimetres	sports
9is5wk	Tiger Woods back on the cover of Sports Illustrated	sports
4bhmi6	Guy has amazing soccer skills	sports
5uuw8m	(MMA) When showboating goes wrong	sports
8mcq8j	Gareth Bale brilliant goal in Champion's League final	sports
3h8uje	Arizona Rattlers last night.	sports
5qr7mk	Chris Pronger squashing Justin Beiber into the boards	sports
9ktqru	Monterrey scores against Tijuana with a little help from the rain in Liga MX	sports
6d3dpl	That fake-out though	sports
53sizz	Unstoppable	sports
8e2qtw	Incredible solo try from Josua Vici in inaugural Major League Rugby Match	sports
6bn4v9	Lionel Messi and Luis Suarez relaxing, while watching their kids play.	sports
4vitxg	Hockey stick stuck in both skates	sports
3nijfp	I found the scoreboard to be quite satisfying this afternoon	sports
7duh4z	One of the most incredible images of MotoGP	sports
6j1j8y	Shaq taking it to the basket	sports
8kf0m8	Little kid makes an impressive catch during the Pittsburgh Pirates vs San Diego Padres game	sports
97scsi	Two more Olympic gymnasts reveal abuse by Larry Nassar	sports
70714n	Canelo sends Amir Khan to the shadow realm	sports
7sac3d	Alternate angle of Eagles fan running into the pillar	sports
4zk2pe	Olympian sells medal to fund child's cancer treatment.	sports
58ihcv	Yet another textbook roast of the Leafs	sports
5599qt	Touring the gym at my wife's alma mater. They have to take pride in small victories.	sports
6qpy54	Los Angeles agrees to host 2028 Summer Olympics; Paris to serve as 2024 site	sports
8sy58u	When Andrew Romine finally gets to bat while his brother, Austin, is behind the plate	sports
6eo9e9	This is the best picture of the Lebron-Wade duo	sports
5c4ebn	Stephen A. Smith calls Colin Kaepernick a ‚Äòflaming hypocrite‚Äô for not voting	sports
8zcdtp	Zagreb, Croatia. People have been waiting for 8+ hours for players to come. Incredible!	sports
4yiwp0	A quick Usain Bolt flipbook...	sports
5awjxc	Kris Bryant's smile as he fields the last out to win the World Series	sports
8dtcc2	Summer's Coming - Time to Surf!!!!	sports
3g9146	I promise you there's an actual end.	sports
8my68y	Surreal Shot of the Capital One Center during last night's Washington Capitals vs Las Vegas Knights Stanley Cup Finals Game	sports
4ydcuk	UPDATE: Ryan Lochte's teammates told police that robbery story had been fabricated by Lochte.	sports
45xlym	ESPN: Possibly the Worst Sentence Ever	sports
5k0vax	Golfing with a twist	sports
53hdnh	LeGarrette Blount hurdles a defender and continues running	sports
68wfwe	Cristiano Ronaldo enjoying a replay of his second goal against Atletico	sports
96z9lr	Muhammad Ali finishes George Foreman in the 8th round to regain the Heavyweight title GIF	sports
6n6mmw	Bike race gone wrong	sports
9k5qvz	[NRL] JAC scores an 85m intercept try during the NRL Grand Final	sports
90xj8a	How pitch tunneling works w/ Clayton Kershaw	sports
82laht	Chicago Blackhawks Captain Jonathan Toews skates with a 12-year-old fan with muscular dystrophy	sports
53aguc	Ohio State Reciever catches TD pass one handed on the back of the Oklahoma defender	sports
5eortf	[GIF] ‚ÄúJulian Jackson was half-blind and reeling after his opponent had put on the performance of a lifetime. Herol Graham was only moments from victory when he was flattened by the hardest single punch I have ever seen a man take.‚Äù This Day In Boxing Nov 24 1990.	sports
56nxow	"This is how the NFL wants players to react after scoring a TD"	sports
5uocd3	USA Wrestling: Thank you to the wonderful fans in Iran for cheering on our guys throughout the tournament & being spectacular hosts! üá∫üá∏‚ù§Ô∏èüáÆüá∑ #WorldCup2017	sports
9s5q6i	Seahawks celebrate touchdown by charging the mound	sports
61j2su	He has wanted to play hockey since he was 4 years old. We could never afford it. We finally made it to a point in our lives where we could help him pursue his passion. Today his team are division champions. The look on his face is worth every penny.	sports
5fxenq	Minnesota high school hockey goalie makes 98 saves in 12-0 loss.	sports
7svi1u	Thank You.	sports
95vqx7	Daniele Rugani with some impromptu defending vs Cristiano Ronaldo	sports
4gzi47	Can't ruin the Nikes!	sports
5wag6r	#44 not unlocked	sports
370e51	McDonalds, proud sponsor of human rights abuses in Qatar	sports
471hcq	Insane body control by Angel Rice	sports
36zchx	Adidas, proudly supporting the human rights violations in Qatar.	sports
6xbhlq	SEC Network reporter bumps into line judge during pre-snap	sports
3vdlpn	Aaron Rodgers miracle hail mary	sports
9n6yoo	Trae Young effortlessly pulling up from nearly half court for the game winning dagger	sports
5qmxkl	Serena Williams wins from sister Venus in Australian open final. She now has more grand slam titles than Steffi Graf.	sports
5brk1l	This high school kid's athleticism is unbelievable	sports
86gr97	Josh Reddick hits a baseball into a baseball sized hole in the wall	sports
76doyt	The holder may have just saved the Tennessee kicker‚Äôs life	sports
4lphdu	shuttlecock ninja	sports
6ru80q	We have witnessed greatness, but all good things end. Thank you, Mr. Bolt.	sports
9mkxg8	Drew Brees passes Peyton Manning for most overall in passing yards in NFL history	sports
4emgpf	Fair weather we're having	sports
5t1qoh	FC Barcelona U-12 team nominated for Best Sporting Moment of the Year 2016	sports
5fc1g9	A little humor after a great game	sports
9rw1we	David Foley's overhead kick against North Ferriby	sports
51wwcw	Hits to Cam Newton's head during the NFL season opener last night.	sports
6bgr9w	Sneaking in a goal during the Real Madrid vs Sevilla Match	sports
8y9guj	Inspirational story of Croatia captain Luka Modriƒá as they makes it to the World Cup final for first time in history	sports
5b9l8p	Scottish football club Hearts embroidered the names of all the fans that made donations to save the club from bankruptcy on their jersey.	sports
6h6nux	F1 Car Stalling At Start Of Race	sports
9jkjsa	Head pong	sports
7fvhux	Good sportsmanship	sports
5vc77q	Greatest call in the history of the NFL by Ben Dreith on Oct. 5, 1985 when a personal foul was handed out to Jets DTackle Marty Lyons for giving Jim Kelly "The Business"	sports
8rxsiw	Mexico fans celebrating the Lozano goal at the Berlin Fan Park	sports
8etfvw	Rangers First Baseman Ronald Guzm√°n stretches to get the out	sports
9ep8ue	BMW Champion drinking problem	sports
5ijus2	Craig Sager has passed away, according to Turner Sports. One of the all-time greats. RIP.	sports
70k4ie	Florida Gators Last Second 63 Yard Hail Mary to Beat Rival Tennessee	sports
75ofzq	Borussia Dortmund's 'yellow wall'	sports
4x6mwe	A swimmer worships Phelps when he walks in	sports
6uwe46	Choose your fantasy football picks wisely.	sports
74zoty	Possibly the most insane MMA submission of all time just happened: Demetrious "Mighty Mouse" Johnson's German suplex into armbar	sports
5y0byq	Sunderland fans toss around giant inflatable phallice, chant "We Want Our Dick Back" when it gets taken	sports
8scf4w	Japanese fans clean up stadium after their win vs Colombia	sports
3y351b	Manager 1 Team 0.	sports
78v83z	Snowboard backflip on a running car	sports
8ka09e	Blake Griffin with the majestic 180 block	sports
6j3fzi	2003 vs 2017 NBA draft suits.	sports
5m14qm	Today marks the 10th anniversary of one of the biggest flops on hockey history	sports
92lor7	In cricket, this is what you would call an unplayable ball.	sports
8vebgb	Lebron James signs with Los Angeles Lakers	sports
2t7z78	Someone at ESPN copy & pasted the wrong link	sports
5cpy2g	F1 driver Fernando Alonso's car breaks down in practice. He decides to have a go at being a camera man instead	sports
8qgb80	Friends and teammates	sports
4y9i22	Usain Bolt sharing a laugh with Andre De Grasse during their 200m heat	sports
5b6jqt	Chicago Cubs World Series Celebration Ranked as 7th Largest Gathering in Human History	sports
69xtxn	Like Most Americans, NFL Players Think They Should Be Allowed to Use Medical Marijuana	sports
2jfjsy	"I'm sick of sports commentators..."	sports
5h7hnq	Dereck Chisora throws table at opponent as press conference descends into chaos	sports
4t299y	This is why ESPN is losing so many subscriptions .	sports
5pd0yn	We are in a day where the number of athletes who played in the 1990s is dwindling; but here's a reminder that Jaromir Jagr's first NHL game was in 1990	sports
498l6y	Saving Face	sports
4j1muf	Sports reporter drinks at the desk after the Capitals get eliminated	sports
5k987u	Grandpa bought an old trunk at the Flea Market in South Florida, inside he found signed letters, pictures and more of the late great Arnold Palmer. He paid $5.00 for the old trunk.	sports
9c9iv7	Toledo scores one of the quickest punt returns ever to kick off college football weekend 2018-19	sports
5hunlt	odell beckham jr. is faster than you	sports
2tej58	They were perfect.	sports
4yvyk1	Mongolian coaches disagreed with the decision. Proceeded to strip and throw their clothes at the judges.	sports
3q585e	This catch looks pretty straightforward until you see the replay.	sports
63d6tc	Conor McGregor's knockout combo	sports
5f5bw7	"Keep calm and drink water"	sports
4l6r2w	Irregular overtake	sports
3b3fly	Dutch Handshake (x-post from /r/gifs)	sports
9hh8kv	Ajax fans singing ‚ÄúThree Little Birds‚Äù with Bob Marley‚Äôs son Kymani Marley	sports
8ff4kq	Wales crowd proudly sing national anthem, resulting in a debut goal for 17 year old Ben Woodburn	sports
5b2ax3	Hockey stick stuck in both skates	sports
6fy1tr	Instant Regret After Ball Boy Grabs a Fair Ball	sports
5bcgn3	Ireland beat All Blacks for the 1st time in 111 years while playing in Chicago! | Rugby	sports
4aw97b	"How did Yale out rebound Baylor?"	sports
55l6zz	Rickie Fowler getting no love at the Ryder Cup (GOLF)	sports
874g7p	How the world curling final ended on NBCSN online	sports
5dnf84	When you're in a hurry...	sports
8khrn6	Josh Harrison is a magician between the bases.	sports
7ak5ym	A Basketball player & a MMA Champion walk into a bar...	sports
6553q4	Front flip throw-in leads to an overhead kick goal!	sports
8r9i15	Muay Thai fighter lands a thunderous KO front kick	sports
79cswk	Picture taken during Toronto Maple Leafs vs Carolina Hurricanes game this week	sports
77ssmn	Anthony Knockaert's failed knee slide celebration	sports
4owiku	Cleveland Cavaliers Win NBA Championship in Game 7 Over the Golden State Warriors	sports
44gfz2	Stand Clearing Buzzer Beater	sports
4nfuly	Intense final of a bouldering competition	sports
